Carl Icahn,@Carl_C_Icahn,Business Man,1534167900,347739201191702528,Twitter is great. I like it almost as much as I like Dell.,2013-06-20T15:34:20.000Z
Carl Icahn,@Carl_C_Icahn,Business Man,1534167900,349987264576753664,Where are all the shareholders’ private jets? What happened to CEO accountability? http://t.co/k9Iwev59Bn via @forbes,2013-06-26T20:27:20.000Z
Carl Icahn,@Carl_C_Icahn,Business Man,1534167900,352846481931239424,Happy Birthday to a great nation.,2013-07-04T17:48:51.000Z
Carl Icahn,@Carl_C_Icahn,Business Man,1534167900,355383656296099840,I’ll be on Bloomberg at 4pm today to speak about Dell and “no-brainers.” http://t.co/wH75SDcgc6,2013-07-11T17:50:41.000Z
Carl Icahn,@Carl_C_Icahn,Business Man,1534167900,357206782050959363,I’ll be an Alpha Agitator at tmrw’s Delivering Alpha Conference. Nowadays there are plenty of corporate boards and CEOs to agitate about.,2013-07-16T18:35:08.000Z
Carl Icahn,@Carl_C_Icahn,Business Man,1534167900,360054783744294913,All would be swell at Dell if Michael and the board bid farewell.,2013-07-24T15:12:04.000Z
Carl Icahn,@Carl_C_Icahn,Business Man,1534167900,361903295838687234,Reply to MD's WSJ intv to come. I explain a reason Dell is undervalued is due to a major liability that can be easily removed-Michael Dell.,2013-07-29T17:37:24.000Z
Carl Icahn,@Carl_C_Icahn,Business Man,1534167900,361919526121644033,Of all his scare tactics Dell has finally come up with the best one-he’ll stay as CEO if we don’t accept his offer. http://t.co/cpmcnXfOHy,2013-07-29T18:41:53.000Z
Carl Icahn,@Carl_C_Icahn,Business Man,1534167900,363319255548182528,We are pleased to have won another battle in the Dell war but the war itself is far from over. More to follow.,2013-08-02T15:23:55.000Z
Carl Icahn,@Carl_C_Icahn,Business Man,1534167900,364409973410775040,Yesterday we filed a 21 page brief explaining how we believe the Dell board has breached its fiduciary duties in its recent actions.,2013-08-05T15:38:02.000Z
Carl Icahn,@Carl_C_Icahn,Business Man,1534167900,367350206993399808,We currently have a large position in APPLE. We believe the company to be extremely undervalued. Spoke to Tim Cook today. More to come.,2013-08-13T18:21:29.000Z
Carl Icahn,@Carl_C_Icahn,Business Man,1534167900,367351130776285184,Had a nice conversation with Tim Cook today. Discussed my opinion that a larger buyback should be done now. We plan to speak again shortly.,2013-08-13T18:25:09.000Z
Carl Icahn,@Carl_C_Icahn,Business Man,1534167900,368049734910365696,NYT's thesis that Ackman's actions prove something is wrong with activism is specious. His actions prove only something is wrong with Ackman,2013-08-15T16:41:09.000Z
Carl Icahn,@Carl_C_Icahn,Business Man,1534167900,370615097963450368,Spoke to Tim. Planning dinner in September. Tim believes in buyback and is doing one. What will be discussed is magnitude.,2013-08-22T18:34:59.000Z
Carl Icahn,@Carl_C_Icahn,Business Man,1534167900,372357709565161472,"Sunday’s NY Post article, ‘Radioactivists,’ in its 1st sentence states: “This summer, Wall Street’s activist top guns are shooting blanks…”",2013-08-27T13:59:30.000Z
Carl Icahn,@Carl_C_Icahn,Business Man,1534167900,372357785024860160,"Our reply: IEP fund is up 19.03% since July 1. While we like the NY Post, what you read in the papers, “ain’t necessarily so.”",2013-08-27T13:59:48.000Z
Carl Icahn,@Carl_C_Icahn,Business Man,1534167900,377054394165891072,We intend to release a letter to all Dell shareholders shortly.,2013-09-09T13:02:27.000Z
Carl Icahn,@Carl_C_Icahn,Business Man,1534167900,377059240084402177,Here is our letter: http://t.co/jHbW6o85A4,2013-09-09T13:21:42.000Z
Carl Icahn,@Carl_C_Icahn,Business Man,1534167900,377102806533939200,Will be on CNBC today at 12:30.,2013-09-09T16:14:49.000Z
Carl Icahn,@Carl_C_Icahn,Business Man,1534167900,377116261978619904,On Bloomberg at 3,2013-09-09T17:08:17.000Z
Carl Icahn,@Carl_C_Icahn,Business Man,1534167900,377472263445966848,"As Forest Labs’ 2nd largest shareholder, we have great expectations for FRX due to Brent Saunders becoming CEO.  Press release to come.",2013-09-10T16:42:55.000Z
Carl Icahn,@Carl_C_Icahn,Business Man,1534167900,377501185655062529,Here is our press release re FRX: http://t.co/yVL1WzgTBD,2013-09-10T18:37:50.000Z
Carl Icahn,@Carl_C_Icahn,Business Man,1534167900,378244999734784000,Congrats to @jimcramer – his article outing perpetual losers is a must read! http://t.co/3jcv8ij0bL,2013-09-12T19:53:30.000Z
Carl Icahn,@Carl_C_Icahn,Business Man,1534167900,379628643309211648,"A must read for students of “absurdities” – Gretchen Morgenson’s article, P1 Sun @nytimes. Congrats on good reporting http://t.co/hVjsGYrN4n",2013-09-16T15:31:36.000Z
Carl Icahn,@Carl_C_Icahn,Business Man,1534167900,380465406550347777,I will be on @FoxBusiness tonight talking to @TeamCavuto at 8:40 PM ET,2013-09-18T22:56:36.000Z
Carl Icahn,@Carl_C_Icahn,Business Man,1534167900,380466320740859904,I wrote an Op-Ed which I think will be of interest. Now on http://t.co/0ttNxrCwlq website and will be in paper tomorrow.,2013-09-18T23:00:14.000Z
Carl Icahn,@Carl_C_Icahn,Business Man,1534167900,380723696874184704,I'll be on CNBC with Maria Bartiromo at around 4:15 PM ET today.,2013-09-19T16:02:57.000Z
Carl Icahn,@Carl_C_Icahn,Business Man,1534167900,382539958008832001,Our country owes Bernanke a great deal for pulling us out of the mess several of the largest investment banks go us into in ‘08.,2013-09-24T16:20:07.000Z
Carl Icahn,@Carl_C_Icahn,Business Man,1534167900,382540037495078912,Our country has been lucky over its history that it has had the right people to call on in a crisis. It’s sad to see Bernanke go.,2013-09-24T16:20:26.000Z
Carl Icahn,@Carl_C_Icahn,Business Man,1534167900,382867238790774785,IEP announces an acquisition it believes will greatly enhance shareholder value.  See our press release: http://t.co/skk8wRHAdO,2013-09-25T14:00:37.000Z
Carl Icahn,@Carl_C_Icahn,Business Man,1534167900,383233230901497857,The value created for HAIN shareholders over the 3yrs Dave Schechter and Brett Icahn sat on the board is a good example of activism at work,2013-09-26T14:14:57.000Z
Carl Icahn,@Carl_C_Icahn,Business Man,1534167900,383233356525105152,Since they joined the price has increased from $20.20 to $76.27.Irwin Simon stated Dave and Brett’s impact has greatly helped him to succeed,2013-09-26T14:15:26.000Z
Carl Icahn,@Carl_C_Icahn,Business Man,1534167900,383233475395846144,"As we say goodbye, we thank Irwin for his great leadership and passion at Hain. Here’s to future dinners with him and his superb products.",2013-09-26T14:15:55.000Z
Carl Icahn,@Carl_C_Icahn,Business Man,1534167900,385047418284158976,Had a cordial dinner with Tim last night. We pushed hard for a 150 billion buyback. We decided to continue dialogue in about three weeks.,2013-10-01T14:23:53.000Z
Carl Icahn,@Carl_C_Icahn,Business Man,1534167900,385052381097906177,I’ll be on CNBC at noon.,2013-10-01T14:43:36.000Z
Carl Icahn,@Carl_C_Icahn,Business Man,1534167900,386146463467577344,"I withdrew my demand for appraisal of my Dell shares. Based on our returns on capital, we believe we have better uses for $2 billion.",2013-10-04T15:11:05.000Z
Carl Icahn,@Carl_C_Icahn,Business Man,1534167900,387324829432426496,"Disclosed approx 61 million share position in Talisman Energy. May have conversations with mgmt re strategic alternatives, board seats, etc.",2013-10-07T21:13:30.000Z
Carl Icahn,@Carl_C_Icahn,Business Man,1534167900,387548687167008768,Happy to have reached an agreement with Nuance Communications where Dave Schechter and Brett Icahn will join the board of directors.,2013-10-08T12:03:01.000Z
Carl Icahn,@Carl_C_Icahn,Business Man,1534167900,387548865454280705,"I'm optimistic their impact at NUAN will be similar to HAIN, where stock went from $20.20 to $79.56 over the 3 years they sat on the board.",2013-10-08T12:03:44.000Z
Carl Icahn,@Carl_C_Icahn,Business Man,1534167900,392760910340558848,"Sold block of NFLX today. Wish to thank Reed Hastings, Ted Sarandos, NFLX team, and last but not least Kevin Spacey: http://t.co/BRWpKOBfD2",2013-10-22T21:14:32.000Z
Carl Icahn,@Carl_C_Icahn,Business Man,1534167900,393093210571931648,"Just sent a letter to Tim Cook. Full letter will be disclosed on my website, the Shareholders’ Square Table, which will be launched tomorrow",2013-10-23T19:14:59.000Z
Carl Icahn,@Carl_C_Icahn,Business Man,1534167900,393368939708702721,"SST has launched.  Join to fight for true corporate democracy, read our letter to Tim Cook, and much more! http://t.co/kAuEwYCpdU",2013-10-24T13:30:38.000Z
Carl Icahn,@Carl_C_Icahn,Business Man,1534167900,393373347523727360,We realize there was a glitch that is now fixed so you can sign in if you were having problems before.,2013-10-24T13:48:09.000Z
Carl Icahn,@Carl_C_Icahn,Business Man,1534167900,393373604856856576,We’ll be talking more about the website and Apple with @ScottWapnerCNBC Wapner at noon on CNBC.,2013-10-24T13:49:10.000Z
Carl Icahn,@Carl_C_Icahn,Business Man,1534167900,394846574070599680,"To Bill Gross @PIMCO: If you really want to do good, why not join http://t.co/nn6jp9E2ch like Gates, I and many others have?",2013-10-28T15:22:13.000Z
Carl Icahn,@Carl_C_Icahn,Business Man,1534167900,394875186316451840,I will be on Fox Business today at 1:20 p.m. ET.,2013-10-28T17:15:55.000Z
Carl Icahn,@Carl_C_Icahn,Business Man,1534167900,397351085980921857,I believe that my statement included in today's IEP earnings release will be of interest to all shareholders: http://t.co/IMrcHczmig,2013-11-04T13:14:15.000Z
Carl Icahn,@Carl_C_Icahn,Business Man,1534167900,399768883365556224,"Grt news for Transocean and activism today.  RIG will nominate V Intrieri (now on brds of CHK, FRX, NAV) to brd in 2014, giving us 2 seats",2013-11-11T05:21:43.000Z
Carl Icahn,@Carl_C_Icahn,Business Man,1534167900,399769132654006273,"RIG also to cut brd to 11, and concluded it will pursue MLP and cut costs/improve margins by $800 mm.  See company press release for details",2013-11-11T05:22:43.000Z
Carl Icahn,@Carl_C_Icahn,Business Man,1534167900,401463111107899392,Encouraging: inst investors realize need for diverse/fresh/truly ind directors. Their vote is where it counts though. http://t.co/fj3glASYJr,2013-11-15T21:33:59.000Z
Carl Icahn,@Carl_C_Icahn,Business Man,1534167900,402620998127603712,Visit http://t.co/kAuEwYCpdU  for my personal views concerning media reports on my remarks re markets and AAPL from Reuters Summit,2013-11-19T02:15:00.000Z
Carl Icahn,@Carl_C_Icahn,Business Man,1534167900,403527291717697538,Disclosed aprx. 34 million share position in HOLOGIC. May have convos re enhancing shareholder value/ brd seats/ etc: http://t.co/RPulrm2sun,2013-11-21T14:16:18.000Z
Carl Icahn,@Carl_C_Icahn,Business Man,1534167900,405330176906514434,Icahn Study shows value of activism; 28% annualized return for investor during our board membership periods.  See http://t.co/aKfWLnnxXU,2013-11-26T13:40:19.000Z
Carl Icahn,@Carl_C_Icahn,Business Man,1534167900,407504158443311104,Happy to have reached an agreement with Talisman Energy where two of our representatives will join the board. http://t.co/LnzaBytXan,2013-12-02T13:38:57.000Z
Carl Icahn,@Carl_C_Icahn,Business Man,1534167900,407504284515725313,The record shows that our involvement on boards has created meaningful value for shareholders. I'm optimistic this will continue with $TLM,2013-12-02T13:39:27.000Z
Carl Icahn,@Carl_C_Icahn,Business Man,1534167900,408324620928827392,"Next issue of @TIME Magazine, out tomorrow, features a piece on activism. I understand I will be on the cover. Hope I like what I read.",2013-12-04T19:59:10.000Z
Carl Icahn,@Carl_C_Icahn,Business Man,1534167900,408324753665966080,"Gave $AAPL notice we’ll be making a precatory proposal to call for vote to increase buyback program, although not at $150 billion level.",2013-12-04T19:59:42.000Z
Carl Icahn,@Carl_C_Icahn,Business Man,1534167900,410042670065532930,Optimistic re changes at HOLOGIC. Two of our reps have joined the board and we welcome new CEO Steve MacMillan. http://t.co/8gAeFgC0Ao,2013-12-09T13:46:05.000Z
Carl Icahn,@Carl_C_Icahn,Business Man,1534167900,410042737480589312,"Also happy that $HOLX has retained Dr. Burton Drayer, Chairman of the Department of Radiology at Mount Sinai, as a scientific advisor.",2013-12-09T13:46:21.000Z
Carl Icahn,@Carl_C_Icahn,Business Man,1534167900,418121756713291777,"Wishing all a happy, healthy and prosperous 2014!  ‘13 was a good year for improving corporate governance and I’m hoping ’14 will be great.",2013-12-31T20:49:29.000Z
Carl Icahn,@Carl_C_Icahn,Business Man,1534167900,420985966224883712,Activism proves to be working well at $FRX. Since Sept 10 (when new CEO Brent Saunders arrived) the co’s stock is up aprx 57% and 8% today.,2014-01-08T18:30:50.000Z
Carl Icahn,@Carl_C_Icahn,Business Man,1534167900,420986100581023744,We’ll continue to hold CEOs &amp; boards more accountable &amp; grow partnerships btwn activists &amp; institutional investors to help #ShareholderValue,2014-01-08T18:31:22.000Z
Carl Icahn,@Carl_C_Icahn,Business Man,1534167900,420993146831400960,Oops. Had a typo –$FRX up approx 18% today not 8%,2014-01-08T18:59:22.000Z
Carl Icahn,@Carl_C_Icahn,Business Man,1534167900,426016278646493184,"Since tweeting about our large position in $AAPL on Aug 13, when the stock was 468 per share, we’ve kept buying shares of this ‘no brainer.’",2014-01-22T15:39:30.000Z
Carl Icahn,@Carl_C_Icahn,Business Man,1534167900,426016357923037185,"Having purchased $500 million more $AAPL shares in the last two weeks, our investment has crossed the $3 billion mark yesterday.",2014-01-22T15:39:49.000Z
Carl Icahn,@Carl_C_Icahn,Business Man,1534167900,426016453846790144,We feel $APPL board is doing great disservice to shareholders by not having markedly increased its buyback. In-depth letter to follow soon.,2014-01-22T15:40:12.000Z
Carl Icahn,@Carl_C_Icahn,Business Man,1534167900,426435882636161025,I'll be speaking with @CGasparino today at 3:10.,2014-01-23T19:26:51.000Z
Carl Icahn,@Carl_C_Icahn,Business Man,1534167900,426446334422298624,"Bought another $500mil of $AAPL tday, bringing our total to $3.6 billion.  If board doesn’t see AAPL’s ‘no brainer’ value we sure do.",2014-01-23T20:08:23.000Z
Carl Icahn,@Carl_C_Icahn,Business Man,1534167900,426447543929544704,Today we have put out a seven page letter to $AAPL shareholders discussing why buyback should be markedly increased: http://t.co/O7F8S7BzWg,2014-01-23T20:13:12.000Z
Carl Icahn,@Carl_C_Icahn,Business Man,1534167900,428196836860375040,"Just bought $500 mln more $AAPL shares. My buying seems to be going neck-and-neck with Apple's buyback program, but hope they win that race.",2014-01-28T16:04:16.000Z
Carl Icahn,@Carl_C_Icahn,Business Man,1534167900,428896673767497728,Appreciate being featured in @activistinsight Annual Review: http://t.co/c83aNhcDoZ. Review contains great pieces on #shareholderactivism,2014-01-30T14:25:10.000Z
Carl Icahn,@Carl_C_Icahn,Business Man,1534167900,428897899049529345,Cynical @barronsonline piece on $DELL-“Dell's Prospects Suddenly Brighten.” Which Dell was tellng truth when shrhldrs sold @ bargain price?,2014-01-30T14:30:02.000Z
Carl Icahn,@Carl_C_Icahn,Business Man,1534167900,431869288807288834,Tim Cook again confirms $AAPL will launch new products in new categories (plural) this year. Wall Street apparently still not listening.,2014-02-07T19:17:16.000Z
Carl Icahn,@Carl_C_Icahn,Business Man,1534167900,431869378607329281,"$GOOG @ 19x2014 est operating profit. At same multiple $AAPL=$1,245 per share. Ridiculous. Keep buying Tim! You still have $145 billion cash",2014-02-07T19:17:38.000Z
Carl Icahn,@Carl_C_Icahn,Business Man,1534167900,431882000413519872,RT @jimcramer: @Carl_C_Icahn -Time to call in to @ScottWapnerCNBC about how much you've been buying of late? Stock has big bid underneath,2014-02-07T20:07:47.000Z
Carl Icahn,@Carl_C_Icahn,Business Man,1534167900,431882070676086784,"@jimcramer @ScottWapnerCNBC No need to call Scott. As you noted this morning, Tim came in Clint Eastwood-style and has a lot more bullets.",2014-02-07T20:08:04.000Z
Carl Icahn,@Carl_C_Icahn,Business Man,1534167900,432882372762021888,"See our open letter to $AAPL Shareholders re “the precatory” on The Shareholders’ Square Table:  
http://t.co/oGqHx3UFjG",2014-02-10T14:22:54.000Z
Carl Icahn,@Carl_C_Icahn,Business Man,1534167900,433302909439078400,I look forward to speaking with Neil @TeamCavuto on @FoxNews today at 4p.m. ET,2014-02-11T18:13:58.000Z
Carl Icahn,@Carl_C_Icahn,Business Man,1534167900,433604571173105664,"Read our latest piece, “Disqualifying Dissident Nominees: A New Trend in Incumbent Director Entrenchment” on http://t.co/kAuEwYCpdU",2014-02-12T14:12:40.000Z
Carl Icahn,@Carl_C_Icahn,Business Man,1534167900,433625489966522368,"@CGasparino   
It’s true, especially when you go after some of the establishment guys I don’t like.",2014-02-12T15:35:47.000Z
Carl Icahn,@Carl_C_Icahn,Business Man,1534167900,433625699878834177,@TeamCavuto @FoxBusiness Thanks for a great interview.,2014-02-12T15:36:37.000Z
Carl Icahn,@Carl_C_Icahn,Business Man,1534167900,433625873741127680,@HarvardCorpGov Thanks for posting.,2014-02-12T15:37:19.000Z
Carl Icahn,@Carl_C_Icahn,Business Man,1534167900,433680819664584704,"Insightful Forbes cover story by Steven Bertoni. A must-read for EBAY shareholders, especially quotes from Elon Musk.",2014-02-12T19:15:39.000Z
Carl Icahn,@Carl_C_Icahn,Business Man,1534167900,433965765172011009,"FYI Elon and Steve I play chess on shredder/iPad &amp; make music lists on sonos regularly, therefore I’m only half Luddite!",2014-02-13T14:07:55.000Z
Carl Icahn,@Carl_C_Icahn,Business Man,1534167900,433967028458618880,Read our latest piece about the potential of the new Shareholder-Director Exchange on http://t.co/kAuEwYCpdU,2014-02-13T14:12:56.000Z
Carl Icahn,@Carl_C_Icahn,Business Man,1534167900,434349721415454721,"Good read in @TheEconomist: “America should make life easier, not harder, for activist investors” http://t.co/CyZtyNoJLj",2014-02-14T15:33:38.000Z
Carl Icahn,@Carl_C_Icahn,Business Man,1534167900,434383549001506816,“‘Poison pills’ that are triggered when activists buy shares should be banned.” Good article in @TheEconomist: http://t.co/CyZtyNoJLj,2014-02-14T17:48:03.000Z
Carl Icahn,@Carl_C_Icahn,Business Man,1534167900,434389394472984576,All set to watch @HouseofCards tonight.  Happy Valentine’s Day $NFLX!,2014-02-14T18:11:16.000Z
Carl Icahn,@Carl_C_Icahn,Business Man,1534167900,435746688397889536,Great result for ALL $FRX (Forest Labs) shareholders - proves again that activism works. Read more at http://t.co/kAuEwYCpdU,2014-02-18T12:04:40.000Z
Carl Icahn,@Carl_C_Icahn,Business Man,1534167900,435746782211891200,"Since our involvement, $FRX shrholders enjoyed gain in market value of apprx $17 bln;  over 193%. Read more: http://t.co/kAuEwYCpdU",2014-02-18T12:05:03.000Z
Carl Icahn,@Carl_C_Icahn,Business Man,1534167900,437946889602756608,Read our letter to $EBAY shareholders at http://t.co/kAuEwYCpdU http://t.co/OY5nogAHDN,2014-02-24T13:47:29.000Z
Carl Icahn,@Carl_C_Icahn,Business Man,1534167900,438402292128428032,I will be on @CNN ‘s Quest Means Business with @richardquest today at 4:00 p.m. E.T,2014-02-25T19:57:06.000Z
Carl Icahn,@Carl_C_Icahn,Business Man,1534167900,438678654298501120,Read our new letter to $EBAY shareholders at http://t.co/kAuEwYUys2 http://t.co/qzecEeJ6ia,2014-02-26T14:15:16.000Z
Carl Icahn,@Carl_C_Icahn,Business Man,1534167900,439034869432061952,Read our reply to $EBAY ‘s statement and challenge at http://t.co/kAuEwYUys2 http://t.co/AVJHy7BJ42,2014-02-27T13:50:44.000Z
Carl Icahn,@Carl_C_Icahn,Business Man,1534167900,439400096883425280,See our latest letter to eBay shareholders on http://t.co/kAuEwYUys2 http://t.co/r3JgPtxNsi,2014-02-28T14:02:01.000Z
Carl Icahn,@Carl_C_Icahn,Business Man,1534167900,440480538260799489,Read our latest letter to $EBAY shareholders at http://t.co/MNjikwkoLn  #notworldclass     #spinpaypalnow http://t.co/8nzqdbKwJN,2014-03-03T13:35:18.000Z
Carl Icahn,@Carl_C_Icahn,Business Man,1534167900,440481491684835328,"Happy to report record 2013 earnings for $IEP of $9.07 per unit (increase of 144% vs last year). See release here:   
http://t.co/Iuou4BAu67",2014-03-03T13:39:06.000Z
Carl Icahn,@Carl_C_Icahn,Business Man,1534167900,440485508532015104,$IEP also announced increase in annual distribution from $5.00 to $6.00 per LP unit. Read my letter at http://t.co/kAuEwYUys2,2014-03-03T13:55:03.000Z
Carl Icahn,@Carl_C_Icahn,Business Man,1534167900,441567623126339584,Read our latest letter to $EBAY shareholders at http://t.co/kAuEwYUys2 http://t.co/fhqESHexmy,2014-03-06T13:35:00.000Z
Carl Icahn,@Carl_C_Icahn,Business Man,1534167900,442873576304025600,Great gift from my daughter.  She says a 2nd addition coming soon.  Hope $EBAY is on it. http://t.co/IyBOXif3Zg,2014-03-10T04:04:23.000Z
Carl Icahn,@Carl_C_Icahn,Business Man,1534167900,443001581319901185,WE BELIEVE BASED ON EVIDENCE WE HAVE NEWLY UNCOVERED THAT DONAHOE’S INCOMPETENCE COST EBAY HOLDERS OVER $4 BILLION http://t.co/Lbci1eU7M8,2014-03-10T12:33:02.000Z
Carl Icahn,@Carl_C_Icahn,Business Man,1534167900,443001878964494337,READ OUR LATEST LETTER AND YOU BE THE JUDGE.  http://t.co/F0jL2v8V5J http://t.co/gyBcv64tBi,2014-03-10T12:34:13.000Z
Carl Icahn,@Carl_C_Icahn,Business Man,1534167900,443058100703330305,I will be on CNBC today at 12:45 p.m. ET.,2014-03-10T16:17:37.000Z
Carl Icahn,@Carl_C_Icahn,Business Man,1534167900,443774395324960768,Read our latest letter to $EBAY shareholders at http://t.co/kAuEwYUys2 http://t.co/0gpXomMHpi,2014-03-12T15:43:55.000Z
Carl Icahn,@Carl_C_Icahn,Business Man,1534167900,445988775487750144,Read our latest letter to $EBAY shareholders at http://t.co/kAuEwYUys2 http://t.co/aYhzU5EPR3,2014-03-18T18:23:04.000Z
Carl Icahn,@Carl_C_Icahn,Business Man,1534167900,446326907919818753,Read our latest letter to $EBAY shareholders at http://t.co/kAuEwYUys2 http://t.co/t9VLUdXfDE,2014-03-19T16:46:41.000Z
Carl Icahn,@Carl_C_Icahn,Business Man,1534167900,447027321745076225,Great article @pghwrites The real problem at $EBAY: Corporate Governance. http://t.co/WaMBfL6aZ0 http://t.co/74iwc20fYy,2014-03-21T15:09:53.000Z
Carl Icahn,@Carl_C_Icahn,Business Man,1534167900,448042897036677121,"$HLF added 3addt. Icahn designees,totaling 5 on their board. We thank them for this share of confidence. HLF release http://t.co/1wEvATsrHE",2014-03-24T10:25:25.000Z
Carl Icahn,@Carl_C_Icahn,Business Man,1534167900,448043060165767168,"We hope &amp; believe our directors will enhance value &amp; contribute to the long term success of $HLF, as we've done w/ many co’s in the past.",2014-03-24T10:26:04.000Z
Carl Icahn,@Carl_C_Icahn,Business Man,1534167900,448132456470695936,I will be on @CNBCFastMoney with @ScottWapnerCNBC today at 12:30 p.m. ET.,2014-03-24T16:21:18.000Z
Carl Icahn,@Carl_C_Icahn,Business Man,1534167900,448164075046834177,I will be speaking with @CGasparino on @FoxBusiness at 3p.m. ET.,2014-03-24T18:26:56.000Z
Carl Icahn,@Carl_C_Icahn,Business Man,1534167900,448839170710982657,Read my new post on the need for stockholder representation on public company boards: http://t.co/kAuEwYUys2 http://t.co/nmVW93dPB2,2014-03-26T15:09:32.000Z
Carl Icahn,@Carl_C_Icahn,Business Man,1534167900,454233900693614592,Extremely pleased about agreement with $EBAY. Believe it's a win-win for ALL shareholders. See press release here: http://t.co/dTJmj8WSw1,2014-04-10T12:26:15.000Z
Carl Icahn,@Carl_C_Icahn,Business Man,1534167900,454264815721381889,I will be speaking to @ScottWapnerCNBC on @CNBCFastMoney today at 12:30,2014-04-10T14:29:06.000Z
Carl Icahn,@Carl_C_Icahn,Business Man,1534167900,454304535838998528,I will be speaking with @trish_regan at 2 pm on @BloombergTV,2014-04-10T17:06:56.000Z
Carl Icahn,@Carl_C_Icahn,Business Man,1534167900,454304737790545920,I will also be speaking with @MelissaAFrancis + @Cgasparino at 2:30 pm on @FoxBusiness,2014-04-10T17:07:44.000Z
Carl Icahn,@Carl_C_Icahn,Business Man,1534167900,458269944007114752,Spent weekend reading great new book “Capital in the Twenty-First Century” by Thomas Piketty.,2014-04-21T15:44:03.000Z
Carl Icahn,@Carl_C_Icahn,Business Man,1534167900,458270012978249728,The book highlights future problems for our economy brilliantly. I intend to discuss it more on Shareholders’ Square Table shortly.,2014-04-21T15:44:20.000Z
Carl Icahn,@Carl_C_Icahn,Business Man,1534167900,458749703408984064,Enjoyed speaking at the 13D Monitor activist conference and with @davidfaber after. http://t.co/Y2J7q5Uwb2,2014-04-22T23:30:27.000Z
Carl Icahn,@Carl_C_Icahn,Business Man,1534167900,459072979197259776,Agree completely with $AAPL's increased buyback and extremely pleased with results. Believe we’ll also be happy when we see new products.,2014-04-23T20:55:02.000Z
Carl Icahn,@Carl_C_Icahn,Business Man,1534167900,459074721913782273,"As we said at conference yesterday, we continue to believe $AAPL remains meaningfully undervalued. Many analysts fail to understand company",2014-04-23T21:01:57.000Z
Carl Icahn,@Carl_C_Icahn,Business Man,1534167900,459417628311035904,Happy to be on @TIME's100 most influential people list. Also want to thank friend @boonepickens for his kind words: http://t.co/vTjuBC49DD,2014-04-24T19:44:32.000Z
Carl Icahn,@Carl_C_Icahn,Business Man,1534167900,460879373319811072,Great move by #HLF to suspend dividend &amp; buyback shares. $HLF accelerates return to shareholders. Confirms confidence in the future.,2014-04-28T20:32:59.000Z
Carl Icahn,@Carl_C_Icahn,Business Man,1534167900,461172852365225985,"Very happy to be on @CNBC ’s list of top  ‘Rebels, Icons and Leaders’ of the last 25yrs :  http://t.co/CrNJYL5AQ3  #CNBC25",2014-04-29T15:59:10.000Z
Carl Icahn,@Carl_C_Icahn,Business Man,1534167900,461282269034864641,Good op-ed in Saturday’s New York Times by Joe Nocera on Warren Buffett: http://t.co/AgSMca7DTf,2014-04-29T23:13:57.000Z
Carl Icahn,@Carl_C_Icahn,Business Man,1534167900,462321425723166720,"I’ve written what I believe to be an informative piece titled “Why Buffett is Wrong on Coke,” which will appear tomorrow in Barron’s",2014-05-02T20:03:12.000Z
Carl Icahn,@Carl_C_Icahn,Business Man,1534167900,462631737424879616,Here’s  my piece in today’s Barron's @barronsonline re Warren Buffett abstaining on Coke  comp vote: http://t.co/hQ8lFyHg3v,2014-05-03T16:36:16.000Z
Carl Icahn,@Carl_C_Icahn,Business Man,1534167900,463048273268596736,My article from Barron's on Warren Buffett's abstention from a vote on Coke's executive-pay plan now on http://t.co/DOV4d2Aa5Q,2014-05-04T20:11:26.000Z
Carl Icahn,@Carl_C_Icahn,Business Man,1534167900,463339466305048576,I will be speaking with @ScottWapnerCNBC today at 12:30 p.m. ET. on @CNBCFastMoney Halftime Report.,2014-05-05T15:28:31.000Z
Carl Icahn,@Carl_C_Icahn,Business Man,1534167900,466970932796719104,Good piece in Monday’s NYT by Anthony @Scaramucci on the great potential for activists to change corporate America: http://t.co/kbtP0NkzzW,2014-05-15T15:58:40.000Z
Carl Icahn,@Carl_C_Icahn,Business Man,1534167900,475019951229509632,Disclosed a 9% position in FAMILY DOLLAR today. Hope to continue our streak of value enhancement. Read our 13D here: http://t.co/0FKHMSFyAZ,2014-06-06T21:02:36.000Z
Carl Icahn,@Carl_C_Icahn,Business Man,1534167900,479719384286384129,"Sent a letter to $FDO (FAMILY DOLLAR) today. Read it here: http://t.co/EBESnZAbsh  
Important SEC legend: http://t.co/AW7nvROPxN",2014-06-19T20:16:28.000Z
Carl Icahn,@Carl_C_Icahn,Business Man,1534167900,489427370000908288,Look forward to speaking at the #DeliveringAlpha conference today. I'll be interviewed by @ScottWapnerCNBC at 4:30 p.m.,2014-07-16T15:12:32.000Z
Carl Icahn,@Carl_C_Icahn,Business Man,1534167900,493807609896394752,Happy the way the week started for all $FDO (Family Dollar) shareholders.  Read our press release at http://t.co/F0jL2v8V5J,2014-07-28T17:18:03.000Z
Carl Icahn,@Carl_C_Icahn,Business Man,1534167900,496709486732902400,Very pleased with IEP’s performance for Q2.  You can find our Q2 2014 financial results &amp; earnings webcast here: http://t.co/8EXfzSYdpC,2014-08-05T17:29:04.000Z
Carl Icahn,@Carl_C_Icahn,Business Man,1534167900,498907350267609088,Thanks @nathanvardi for a nice piece in @Forbes re $IEP’s activism: http://t.co/IwcURVWJLE,2014-08-11T19:02:36.000Z
Carl Icahn,@Carl_C_Icahn,Business Man,1534167900,499202842981576704,"Excited to be a member of @YahooFinance Contributors.  Here’s my first post, “The Bottom Line”: http://t.co/tE4q1IaH0c $IEP",2014-08-12T14:36:47.000Z
Carl Icahn,@Carl_C_Icahn,Business Man,1534167900,500029498080129024,We just filed a 13D on Gannett Company ($GCI).  Read more here:http://t.co/yfOWKVY58w,2014-08-14T21:21:37.000Z
Carl Icahn,@Carl_C_Icahn,Business Man,1534167900,501451810369175554,"In response to media inquiries, see our statement concerning Dollar General’s ($DG) bid for Family Dollar ($FDO): http://t.co/DOV4d2Aa5Q",2014-08-18T19:33:22.000Z
Carl Icahn,@Carl_C_Icahn,Business Man,1534167900,501793872159449089,$AAPL crossed $100 today (equivalent of pre split $700).,2014-08-19T18:12:36.000Z
Carl Icahn,@Carl_C_Icahn,Business Man,1534167900,501794076942172160,About 1 yr ago we tweeted to our followers about our investment in $AAPL and that stock was “extremely undervalued” https://t.co/JUrfmWEHLx,2014-08-19T18:13:25.000Z
Carl Icahn,@Carl_C_Icahn,Business Man,1534167900,501794143413493760,Believed $AAPL to be one of my “no-brainers”. Anyone that invested at that time would be up 53% (including dividends),2014-08-19T18:13:41.000Z
Carl Icahn,@Carl_C_Icahn,Business Man,1534167900,501794271922765824,All my chips still on the table and in fact increased position over past year.,2014-08-19T18:14:11.000Z
Carl Icahn,@Carl_C_Icahn,Business Man,1534167900,501794327505686528,More observations about markets and stocks to come. See http://t.co/DOV4d2Aa5Q,2014-08-19T18:14:25.000Z
Carl Icahn,@Carl_C_Icahn,Business Man,1534167900,502178561479159809,We just filed a 13D on The Hertz Corporation ($HTZ).,2014-08-20T19:41:13.000Z
Carl Icahn,@Carl_C_Icahn,Business Man,1534167900,502181631562891264,Read our 13D on $HTZ here: http://t.co/Asadtb7xqj,2014-08-20T19:53:25.000Z
Carl Icahn,@Carl_C_Icahn,Business Man,1534167900,502879384743976960,"As I’ve said b4, w/ exceptions, many companies in America are terribly run. This sad situation leads to many financial woes we face today.",2014-08-22T18:06:03.000Z
Carl Icahn,@Carl_C_Icahn,Business Man,1534167900,502879689892171777,I believe sound #shareholderactivism (note $IEP) can help alleviate some of these current economic struggles http://t.co/mElFXbWYEw,2014-08-22T18:07:15.000Z
Carl Icahn,@Carl_C_Icahn,Business Man,1534167900,502936516487045122,Here’s an interesting piece from @CNNMoney that points to several others concerned with a stock market bubble: http://t.co/xTTiSmPc0u,2014-08-22T21:53:04.000Z
Carl Icahn,@Carl_C_Icahn,Business Man,1534167900,504643451124985856,"To Rich Handler, will get back to you shortly on #ALSChallenge, but right now too busy working on BIG deal with another investment banker",2014-08-27T14:55:49.000Z
Carl Icahn,@Carl_C_Icahn,Business Man,1534167900,510198935491985410,Happy to have 3 nominees joining $HTZ Board soon http://t.co/tB37eyhCQM,2014-09-11T22:51:19.000Z
Carl Icahn,@Carl_C_Icahn,Business Man,1534167900,516699819713507328,I just released a statement on Taj AC. I find Union reaction incomprehensible.  See Shareholders' Square Table:  http://t.co/gfMdMYlr3F,2014-09-29T21:23:31.000Z
Carl Icahn,@Carl_C_Icahn,Business Man,1534167900,516971802128818177,Happy about spin off of PayPal. Read more on my thoughts concerning future of $EBAY at Shareholders’ Square Table: http://t.co/n3ypp4T3yQ,2014-09-30T15:24:17.000Z
Carl Icahn,@Carl_C_Icahn,Business Man,1534167900,519918488040005632,"Just over 1yr ago we tweeted our large position in $AAPL &amp; belief the company extremely undervalued.  Since then, stock is up 50.6%",2014-10-08T18:33:21.000Z
Carl Icahn,@Carl_C_Icahn,Business Man,1534167900,519918577718423552,Tmrw we’ll be sending an open letter to @tim_cook.  Believe it will be interesting.,2014-10-08T18:33:43.000Z
Carl Icahn,@Carl_C_Icahn,Business Man,1534167900,520190869849534464,"Here’s our letter to @tim_cook re $AAPL:  ""Sale: Apple Shares at Half Price"" http://t.co/1DOSdoRPOW",2014-10-09T12:35:42.000Z
Carl Icahn,@Carl_C_Icahn,Business Man,1534167900,520194248327852034,"Our letter to @tim_cook re $AAPL on @YahooFinance Contributors ""Sale: Apple Shares at Half Price"" http://t.co/z4F2XMtHv8",2014-10-09T12:49:08.000Z
Carl Icahn,@Carl_C_Icahn,Business Man,1534167900,520233482766012416,"I, Brett &amp; Dave (the Sargon duo) will be speaking w/ @ScottWapnerCNBC at noon on @CNBCFastMoney Halftime Report re $AAPL, &amp; activism",2014-10-09T15:25:02.000Z
Carl Icahn,@Carl_C_Icahn,Business Man,1534167900,520265224180727809,"We’ll be talking to @trish_regan of @BloombergTV at 2pm about $AAPL, activism and more.",2014-10-09T17:31:10.000Z
Carl Icahn,@Carl_C_Icahn,Business Man,1534167900,520266556115542016,"At 3pm we’ll be on @FoxBusiness  with @LizClaman &amp; @CGasparino, and we promise that is it for today.",2014-10-09T17:36:27.000Z
Carl Icahn,@Carl_C_Icahn,Business Man,1534167900,520624097425113088,Just posted message to Mayor Guardian of Atlantic City.  Happy he recognizes our turnaround of the Tropicana in AC http://t.co/TvWthLrrYl,2014-10-10T17:17:12.000Z
Carl Icahn,@Carl_C_Icahn,Business Man,1534167900,520660031550017536,A Message to Concerned Citizens of Atlantic City: http://t.co/K2pkGqCchV,2014-10-10T19:39:59.000Z
Carl Icahn,@Carl_C_Icahn,Business Man,1534167900,524609196625784833,Today I’ll be speaking about #shareholderactivism at the @robinhoodnyc #RHInvestors conference to help a great cause.,2014-10-21T17:12:33.000Z
Carl Icahn,@Carl_C_Icahn,Business Man,1534167900,524619155375673344,I will be speaking with @ScottWapnerCNBC on @CNBC at 5pm ET.  #RHInvestors,2014-10-21T17:52:08.000Z
Carl Icahn,@Carl_C_Icahn,Business Man,1534167900,524619783065858048,At 5:30pm ET I will be talking to @SRuhle on @BloombergTV. #RHInvestors,2014-10-21T17:54:37.000Z
Carl Icahn,@Carl_C_Icahn,Business Man,1534167900,525319058158551040,Enjoyed participating in the #shareholderactivism panel at the @robinhoodnyc #RHInvestors conference on Tuesday – a great cause.,2014-10-23T16:13:18.000Z
Carl Icahn,@Carl_C_Icahn,Business Man,1534167900,525319368214081536,Nice time speaking with @scottwapnercnbc @cnbc #RHInvestors http://t.co/XBsNsyA4bz,2014-10-23T16:14:32.000Z
Carl Icahn,@Carl_C_Icahn,Business Man,1534167900,525320443612647425,Had a good conversation with @SRuhle @BloombergTV #RHInvestors http://t.co/qelE87GhAn,2014-10-23T16:18:48.000Z
Carl Icahn,@Carl_C_Icahn,Business Man,1534167900,525603616611401728,Just issued letter to Taj Local 54 Employees: http://t.co/nr7kWJcHGy,2014-10-24T11:04:02.000Z
Carl Icahn,@Carl_C_Icahn,Business Man,1534167900,525640738902908929,Understand Taj employees are asking @GovChristie &amp; Senator Sweeney to help save their jobs. #savetheTajnow,2014-10-24T13:31:32.000Z
Carl Icahn,@Carl_C_Icahn,Business Man,1534167900,525640851897483265,Glad Taj employees stopped listening to Union leaders who don’t care about their jobs. #savetheTajnow http://t.co/nr7kWJcHGy,2014-10-24T13:31:59.000Z
Carl Icahn,@Carl_C_Icahn,Business Man,1534167900,526776646544949248,"Good editorial in the Press of Atlantic City.  Sums up situation well.   http://t.co/6WTXVN1pzU 
#acpress #savetheTajnow",2014-10-27T16:45:14.000Z
Carl Icahn,@Carl_C_Icahn,Business Man,1534167900,531918982899843072,Excellent letter just issued by Trump Taj Mahal to its employees. Sums it all up: http://t.co/kItCUniwof,2014-11-10T21:19:02.000Z
Carl Icahn,@Carl_C_Icahn,Business Man,1534167900,535143675161247744,Take a look at this letter sent by the Taj to its employees. @UHLocal54 continues to misrepresent the facts:  http://t.co/AjqjXReRPE,2014-11-19T18:52:49.000Z
Carl Icahn,@Carl_C_Icahn,Business Man,1534167900,535544824909537280,Believe $HTZ has hired an excellent CEO – read company’s press release: http://t.co/Q73Nz1vYdm,2014-11-20T21:26:50.000Z
Carl Icahn,@Carl_C_Icahn,Business Man,1534167900,536919043073388544,.@TheEconomist asked me to write 850 words on what investors should do to profit in 2015. Here’s what I said: http://t.co/5fUchEwADF,2014-11-24T16:27:29.000Z
Carl Icahn,@Carl_C_Icahn,Business Man,1534167900,537297803597606913,Never met/spoke to magician Becker @nypost states I've been talking to re running the Taj. Hope &amp; believe Taj can be saved w/out a magician,2014-11-25T17:32:33.000Z
Carl Icahn,@Carl_C_Icahn,Business Man,1534167900,537358698889633793,Wrote an open letter to @UHLocal54 president Bob McDevitt re Taj.  Read at Shareholders’ Square Table: http://t.co/i2QHNENS8W,2014-11-25T21:34:32.000Z
Carl Icahn,@Carl_C_Icahn,Business Man,1534167900,544588634301943808,My Q &amp; A with Bloomberg’s @BSteverman @business: http://t.co/VMoUgDgZzl,2014-12-15T20:23:43.000Z
Carl Icahn,@Carl_C_Icahn,Business Man,1534167900,545658803426181120,"I’ve written a response letter to CEO of Trump Entertainment Resorts, Bob Griffin, re the Taj. You can read it at http://t.co/FUZ9wX1nXJ",2014-12-18T19:16:11.000Z
Carl Icahn,@Carl_C_Icahn,Business Man,1534167900,552169402494619648,Good read from Dec 27 @barronsonline by @HarvardWinters re $AAPL. Supports our buyback thesis: http://t.co/UecY2rUr1Y,2015-01-05T18:26:59.000Z
Carl Icahn,@Carl_C_Icahn,Business Man,1534167900,553242856056696832,I’ll be on @CNBCFastMoney today at 5:30pm ET for their 8th anniversary show,2015-01-08T17:32:30.000Z
Carl Icahn,@Carl_C_Icahn,Business Man,1534167900,558014219787198464,See our comments re $EBAY agreement on http://t.co/vGoykWZEQk. It’s a good day for corporate governance #corpgov,2015-01-21T21:32:12.000Z
Carl Icahn,@Carl_C_Icahn,Business Man,1534167900,558256547353362433,Read my letter (including other important information) to the CEO of $GCI at http://t.co/MUCKm5rujY,2015-01-22T13:35:07.000Z
Carl Icahn,@Carl_C_Icahn,Business Man,1534167900,558281849580298241,"I’ll be speaking with @ScottWapnerCNBC on @CNBCFastMoney at 12:30ET.  We’ll be discussing recent events at $EBAY, $GCI and more.",2015-01-22T15:15:39.000Z
Carl Icahn,@Carl_C_Icahn,Business Man,1534167900,560481247919898625,Will be talking to @ScottWapnerCNBC on @CNBC at 12:30 with Brett Icahn &amp; David Schechter to discuss our thoughts on $AAPL,2015-01-28T16:55:17.000Z
Carl Icahn,@Carl_C_Icahn,Business Man,1534167900,560507207973097473,I’ll be speaking with @PoppyHarlowCNN on @questCNN at 4:15pm ET.,2015-01-28T18:38:26.000Z
Carl Icahn,@Carl_C_Icahn,Business Man,1534167900,561233305761480704,I’ve written a response to the letter I received yesterday from employees of the Trump Taj Mahal.  Read it at http://t.co/ZIM2nB8Epc,2015-01-30T18:43:41.000Z
Carl Icahn,@Carl_C_Icahn,Business Man,1534167900,564789059453980672,See my comments re $MTW agreement on http://t.co/rM9sehkzvg …Another great day for corporate governance #corpgov,2015-02-09T14:12:59.000Z
Carl Icahn,@Carl_C_Icahn,Business Man,1534167900,564903043284492289,"Pleased to announce $IEP to acquire substantially all assets of Uni-Select USA, a leading auto parts distributor:
http://t.co/b4hoOAGRcP",2015-02-09T21:45:55.000Z
Carl Icahn,@Carl_C_Icahn,Business Man,1534167900,565598397890326528,Read our latest thoughts on $AAPL: http://t.co/1eW2BGMOxQ,2015-02-11T19:49:01.000Z
Carl Icahn,@Carl_C_Icahn,Business Man,1534167900,565967276252622848,I greatly respect $AAPL’s Board but my comments on @CNBC not only underscore my opinion on buyback …,2015-02-12T20:14:48.000Z
Carl Icahn,@Carl_C_Icahn,Business Man,1534167900,565967308582297601,but also about belief that shareholders have the right to voice opinions - that is what democracy is all about http://t.co/ETILUjs1pc,2015-02-12T20:14:56.000Z
Carl Icahn,@Carl_C_Icahn,Business Man,1534167900,568472292768014336,Good piece by @maureenmfarrell in @WSJMoneyBeat re $AAPL http://t.co/9WpZYsc5AR. Many analysts still missing it. AAPL currently only 11x P/E,2015-02-19T18:08:50.000Z
Carl Icahn,@Carl_C_Icahn,Business Man,1534167900,572372186754908160,See my thoughts on our agreement with $GCI on http://t.co/ndG9m96YVP…Another step forward for corporate governance,2015-03-02T12:25:38.000Z
Carl Icahn,@Carl_C_Icahn,Business Man,1534167900,577453355477393410,"For those interested in #corpgov issues, the Peltz intw w/ @davidfaber &amp; @jimcramer is a must watch.Great points made http://t.co/kFKOKBglyL",2015-03-16T12:56:23.000Z
Carl Icahn,@Carl_C_Icahn,Business Man,1534167900,578533042387427328,Just wrote a letter to the unionized employees of the Trump Taj Mahal. Read it at http://t.co/dr8YSH7KKl,2015-03-19T12:26:40.000Z
Carl Icahn,@Carl_C_Icahn,Business Man,1534167900,593073924822343680,$AAPL is still undervalued and misunderstood. Expect to put out another in-depth report within two weeks.,2015-04-28T15:26:57.000Z
Carl Icahn,@Carl_C_Icahn,Business Man,1534167900,594261430569861120,I’ll be on @WallStreetWeek Sunday discussing #Apple $AAPL + more with @Scaramucci &amp; @GaryKaminsky. Tune in 11AM ET at http://t.co/MQ1LyfL0fo,2015-05-01T22:05:40.000Z
Carl Icahn,@Carl_C_Icahn,Business Man,1534167900,600315019041996800,Think you will find our latest letter to @tim_cook re $AAPL interesting: http://t.co/w6e9XvWptb,2015-05-18T15:00:28.000Z
Carl Icahn,@Carl_C_Icahn,Business Man,1534167900,601750341655220225,Good article in @Reuters by @SamuelForgione re $AAPL: http://t.co/Fwq4mYoQMj,2015-05-22T14:03:56.000Z
Carl Icahn,@Carl_C_Icahn,Business Man,1534167900,604303187621724160,You can watch the 2nd part of my @WallStreetWeek intrview w/ @Scaramucci @GaryKaminsky this Sunday - 11AM ET on FOX &amp; http://t.co/BQAZ9tFGvD,2015-05-29T15:08:01.000Z
Carl Icahn,@Carl_C_Icahn,Business Man,1534167900,605380762393669632,Pleased to announce $IEP closed acquisition of substantially all assets of Uni-Select USA &amp; Beck/Arnley Worldparts: http://t.co/DIdb6TV1kK,2015-06-01T14:29:55.000Z
Carl Icahn,@Carl_C_Icahn,Business Man,1534167900,605413787747770368,I’ll be speaking with @TrishIntel  on ‘Trish Regan Intel’ today around 2:30pm ET on @FoxBusiness.,2015-06-01T16:41:09.000Z
Carl Icahn,@Carl_C_Icahn,Business Man,1534167900,608347419819057154,Read my response to @UHLocal54 re important facts about their union: http://t.co/BgAPA73AQA,2015-06-09T18:58:22.000Z
Carl Icahn,@Carl_C_Icahn,Business Man,1534167900,611921396747272192,A few remarks re @realDonaldTrump running for President &amp; wanting to nominate me for the Secretary of Treasury. http://t.co/7VRkNvV2RT,2015-06-19T15:40:04.000Z
Carl Icahn,@Carl_C_Icahn,Business Man,1534167900,611983515748470785,You can see my intvw w/ @trish_regan &amp; @TeamCavuto on @FoxBusiness re interest rates &amp; more: http://t.co/JXvRPFl0oB ; http://t.co/GsuxQC7T0b,2015-06-19T19:46:54.000Z
Carl Icahn,@Carl_C_Icahn,Business Man,1534167900,613718497219076096,Sold last of our $NFLX today.  Believe $AAPL currently represents same opportunity we stated NFLX offered several years ago.,2015-06-24T14:41:06.000Z
Carl Icahn,@Carl_C_Icahn,Business Man,1534167900,613727064164663296,1/2   I believe the market is extremely overheated – especially high yield bonds.,2015-06-24T15:15:09.000Z
Carl Icahn,@Carl_C_Icahn,Business Man,1534167900,613727158909833217,"2/2   If more respected investors had warned about the market in ’07, we might have avoided the crisis in ’08.",2015-06-24T15:15:31.000Z
Carl Icahn,@Carl_C_Icahn,Business Man,1534167900,621337939558182912,I’ll be debating w/ Larry Fink at @DeliveringAlpha today at 4:40pm ET.  @ScottWapnerCNBC to moderate.  Will be live on @CNBC.,2015-07-15T15:18:03.000Z
Carl Icahn,@Carl_C_Icahn,Business Man,1534167900,623187610429693952,This recent @WSJ piece shows other investors are concerned about a bond ETF crisis too. More to come on this soon: http://t.co/d2B23QuIDz,2015-07-20T17:47:59.000Z
Carl Icahn,@Carl_C_Icahn,Business Man,1534167900,628658180990599168,1/ 2  Trimmed our position but remain a huge supporter of Steve MacMillan and the @Hologic ($HOLX) team.,2015-08-04T20:06:04.000Z
Carl Icahn,@Carl_C_Icahn,Business Man,1534167900,628658283918852096,"2/2  Happy we were instrumental in bringing Steve in, and think he’s done a great job.",2015-08-04T20:06:29.000Z
Carl Icahn,@Carl_C_Icahn,Business Man,1534167900,629731049686364160,1/3 After last night’s debate I decided to accept @realDonaldTrump offer for Secretary of Treasury.,2015-08-07T19:09:16.000Z
Carl Icahn,@Carl_C_Icahn,Business Man,1534167900,629731085883154432,"2/3 Seriously, the methods of electing our corporate and political leaders have become completely dysfunctional.",2015-08-07T19:09:25.000Z
Carl Icahn,@Carl_C_Icahn,Business Man,1534167900,629731132020555777,"3/3  In both areas, we are in dire need of a breath of fresh air.",2015-08-07T19:09:36.000Z
Carl Icahn,@Carl_C_Icahn,Business Man,1534167900,633767724351549440,Clip from Alan Greenspan’s interview with @trish_regan is worth watching.  http://t.co/warLpL51B4,2015-08-18T22:29:34.000Z
Carl Icahn,@Carl_C_Icahn,Business Man,1534167900,635802140427087872,Happy to announce we reached an agreement to join Cheniere $LNG board: http://t.co/RXbioJjEnf,2015-08-24T13:13:37.000Z
Carl Icahn,@Carl_C_Icahn,Business Man,1534167900,638372524171071488,Excellent @barronsonline article that reiterates the dangers of #ETF s I debated during @DeliveringAlpha on @CNBC: http://t.co/05XDhV3h3b,2015-08-31T15:27:24.000Z
Carl Icahn,@Carl_C_Icahn,Business Man,1534167900,648436208222248961,I’m releasing a new video at midnight called “Danger Ahead.” It covers several critical matters I believe we need to be far more aware of.,2015-09-28T09:56:54.000Z
Carl Icahn,@Carl_C_Icahn,Business Man,1534167900,648436400883412992,Danger Ahead will be available tonight at midnight on http://t.co/4rVAcLBsH9.  You can watch the trailer there now.,2015-09-28T09:57:39.000Z
Carl Icahn,@Carl_C_Icahn,Business Man,1534167900,648709060678823937,'Danger Ahead' is now available on http://t.co/4rVAcLBsH9,2015-09-29T04:01:07.000Z
Carl Icahn,@Carl_C_Icahn,Business Man,1534167900,648860840523902977,"You can watch my new video, ‘Danger Ahead,’ on http://t.co/4rVAcLBsH9",2015-09-29T14:04:14.000Z
Carl Icahn,@Carl_C_Icahn,Business Man,1534167900,649252737415258112,I’ll be speaking with @ScottWapnerCNBC on @HalftimeReport today at 12:15pm ET re markets and ‘Danger Ahead’,2015-09-30T16:01:29.000Z
Carl Icahn,@Carl_C_Icahn,Business Man,1534167900,649642907075526656,"Good article by @nathanvardi @Forbes about #DangerAhead
https://t.co/qPxc803WrU",2015-10-01T17:51:53.000Z
Carl Icahn,@Carl_C_Icahn,Business Man,1534167900,649650382734557184,"Here’s the full interview I had with @ScottWapnerCNBC yesterday on @CNBC:
https://t.co/1ayVQK86OL",2015-10-01T18:21:35.000Z
Carl Icahn,@Carl_C_Icahn,Business Man,1534167900,649997467023450112,"If you want to know what’s wrong with earnings these days, @jciesielski ’s recent reports are a must-read: http://t.co/b4zTjxbc8y",2015-10-02T17:20:47.000Z
Carl Icahn,@Carl_C_Icahn,Business Man,1534167900,651067549703118848,I’ll be speaking with @trish_regan on @FOXBUSINESS today at 2:15pm ET,2015-10-05T16:12:54.000Z
Carl Icahn,@Carl_C_Icahn,Business Man,1534167900,651753340112646145,Happy to announce we reached an agreement to join Freeport-McMoRan $FCX board: http://t.co/ogZ2qed6kN,2015-10-07T13:37:59.000Z
Carl Icahn,@Carl_C_Icahn,Business Man,1534167900,656847494584799233,1/2   I am starting a Super PAC with my initial commitment of $150 million to help end the crippling dysfunction in Congress,2015-10-21T15:00:21.000Z
Carl Icahn,@Carl_C_Icahn,Business Man,1534167900,656847655667011588,2/2   I have therefore sent the following letter to the relevant committees and leaders of Congress: https://t.co/EGcuHvzou4,2015-10-21T15:00:59.000Z
Carl Icahn,@Carl_C_Icahn,Business Man,1534167900,656853508650459136,I’ll be speaking with @ScottWapnerCNBC on @CNBC @HalftimeReport today at 12:30pm ET,2015-10-21T15:24:14.000Z
Carl Icahn,@Carl_C_Icahn,Business Man,1534167900,656912346414252032,I’ll be speaking with @PoppyHarlowCNN on Quest Means Business @CNN International today at 4pm ET,2015-10-21T19:18:02.000Z
Carl Icahn,@Carl_C_Icahn,Business Man,1534167900,658640616570671104,"Good article by @zachmider @bpolitics re my super PAC, view of inversions and some recent criticism: https://t.co/kdTcqWkNwJ",2015-10-26T13:45:34.000Z
Carl Icahn,@Carl_C_Icahn,Business Man,1534167900,659045301785874436,Senator Rob Portman is right on: https://t.co/yzBqnj80sP,2015-10-27T16:33:39.000Z
Carl Icahn,@Carl_C_Icahn,Business Man,1534167900,659355099848941569,I own a large stake in AIG and have just sent the following letter to the CEO: https://t.co/YbwIYpRfVE,2015-10-28T13:04:40.000Z
Carl Icahn,@Carl_C_Icahn,Business Man,1534167900,659791787842736128,"1/3 Unfortunately, my warning concerning the imminent exodus of many of our best companies is coming true.",2015-10-29T17:59:55.000Z
Carl Icahn,@Carl_C_Icahn,Business Man,1534167900,659791847540264961,2/3 Today Pfizer confirmed they are planning to move out of the country. The situation is much more dangerous than most people believe.,2015-10-29T18:00:09.000Z
Carl Icahn,@Carl_C_Icahn,Business Man,1534167900,659792132207677440,3/3 There is no reason Congress cannot act now to pass international tax reform with the Highway Bill.Read my letter https://t.co/fbbB8mNWMR,2015-10-29T18:01:17.000Z
Carl Icahn,@Carl_C_Icahn,Business Man,1534167900,661319353544126464,I’ll be on @MariaBartiromo ‘s ‘Mornings with Maria’ tomorrow at 7:20 a.m. ET on @FoxBusiness,2015-11-02T23:09:55.000Z
Carl Icahn,@Carl_C_Icahn,Business Man,1534167900,664509147996626944,I’ll be speaking with @TeamCavuto today at 1:40pm ET on @FoxBusiness,2015-11-11T18:25:01.000Z
Carl Icahn,@Carl_C_Icahn,Business Man,1534167900,668791339077779456,We just released a statement (including other important information) on $AIG – available here: https://t.co/QOVsS3kgg4,2015-11-23T14:00:55.000Z
Carl Icahn,@Carl_C_Icahn,Business Man,1534167900,672395527917580288,I was recently a guest on @boonepickens 's podcast.  You can watch it here: https://t.co/oOVVZDEGu1,2015-12-03T12:42:41.000Z
Carl Icahn,@Carl_C_Icahn,Business Man,1534167900,672777402897063936,Very happy about this transaction: https://t.co/KruoDGnAQ1,2015-12-04T14:00:07.000Z
Carl Icahn,@Carl_C_Icahn,Business Man,1534167900,675366443500871684,"Should read this, especially if you are in the market:  “Like Icahn, SEC Sees 'Danger Ahead' in These Risky ETFs” https://t.co/2J3cLZ9gQL",2015-12-11T17:28:02.000Z
Carl Icahn,@Carl_C_Icahn,Business Man,1534167900,675366546605252608,"You should also read, “Junk-Bond Fear Gauge Nears 3-Year High After Third Avenue Freeze”: https://t.co/DiDtq2iFKA",2015-12-11T17:28:27.000Z
Carl Icahn,@Carl_C_Icahn,Business Man,1534167900,675367106817454080,If you haven’t seen ‘Danger Ahead’ watch it on https://t.co/4rVAcLBsH9. Unfortunately I believe the meltdown in High Yield is just beginning,2015-12-11T17:30:40.000Z
Carl Icahn,@Carl_C_Icahn,Business Man,1534167900,676247922363731969,"Regarding the termination of Charif Souki as CEO of Cheniere, we have made the following statement: https://t.co/Ls7E0Yv6v9",2015-12-14T03:50:43.000Z
Carl Icahn,@Carl_C_Icahn,Business Man,1534167900,676373780902649856,I wrote an op-ed in the @nytimes regarding repatriation.  You can read it here: https://t.co/fDYCWOnlpg,2015-12-14T12:10:50.000Z
Carl Icahn,@Carl_C_Icahn,Business Man,1534167900,678932085143379968,$PBY informed $IEP that our increased $16.50 bid is superior &amp; they intend to terminate Bridgestone deal. See filing https://t.co/AAR5v4xKRi,2015-12-21T13:36:37.000Z
Carl Icahn,@Carl_C_Icahn,Business Man,1534167900,679656892826796032,$PBY informed $IEP that our amended bid continues to be superior and they intend to terminate Bridgestone deal. See: https://t.co/Ch1xcI6sFh,2015-12-23T13:36:45.000Z
Carl Icahn,@Carl_C_Icahn,Business Man,1534167900,681589554948644864,Just made a new offer to acquire Pep Boys for $18.50 per share: https://t.co/w9OLzD7jFD,2015-12-28T21:36:27.000Z
Carl Icahn,@Carl_C_Icahn,Business Man,1534167900,689440031728009217,We just released a statement (including other important information) on $AIG – available here: https://t.co/Th3WHxcPCk,2016-01-19T13:31:27.000Z
Carl Icahn,@Carl_C_Icahn,Business Man,1534167900,693072057165312000,1/4  Happy to announce we reached an agreement with $XRX re: separation into two independent public companies: https://t.co/KoRmzNkzTb,2016-01-29T14:03:49.000Z
Carl Icahn,@Carl_C_Icahn,Business Man,1534167900,693072142406176769,2/4  We believe the separation will greatly enhance value for $XRX shareholders,2016-01-29T14:04:10.000Z
Carl Icahn,@Carl_C_Icahn,Business Man,1534167900,693072201264840705,3/4  I applaud and respect Ursula Burns for doing what she believes shareholders want – as @Donahoe_John did with $EBAY and $PYPL,2016-01-29T14:04:24.000Z
Carl Icahn,@Carl_C_Icahn,Business Man,1534167900,693072309695987712,4/4  I hope and believe the results will be just as good for $XRX shareholders,2016-01-29T14:04:49.000Z
Carl Icahn,@Carl_C_Icahn,Business Man,1534167900,697892484807069696,Happy to announce we reached an agreement to join the board of $AIG: https://t.co/r2i90z73Mm,2016-02-11T21:18:29.000Z
Carl Icahn,@Carl_C_Icahn,Business Man,1534167900,705147132274147329,1/2 Aubrey McClendon was one of the brightest men I've ever dealt with. I personally always found him to be a gentleman in our interactions.,2016-03-02T21:45:51.000Z
Carl Icahn,@Carl_C_Icahn,Business Man,1534167900,705147182870044672,2/2 I am saddened to have heard the news.,2016-03-02T21:46:04.000Z
Carl Icahn,@Carl_C_Icahn,Business Man,1534167900,705748888708370432,1/2 Yesterday our designees resigned from the $HOLX board because the situation no longer calls for activism.,2016-03-04T13:37:01.000Z
Carl Icahn,@Carl_C_Icahn,Business Man,1534167900,705749094447374336,2/2 Hologic is the quintessential example of activism at its best. We commend Steve MacMillan for a job well done.,2016-03-04T13:37:50.000Z
Carl Icahn,@Carl_C_Icahn,Business Man,1534167900,725717908056330241,I’ll be on @CNBC ‘s @PowerLunch today around 2pmET,2016-04-28T16:06:47.000Z
Carl Icahn,@Carl_C_Icahn,Business Man,1534167900,729747621796007936,Carl Icahn Issues Statement in Response to Bernie Sanders Remarks: https://t.co/yas7P8zJ4V,2016-05-09T18:59:25.000Z
Carl Icahn,@Carl_C_Icahn,Business Man,1534167900,730783306053193728,Happy Cheniere ( $LNG) appointed Jack Fusco as CEO.  I think it’s a great step in the right direction. https://t.co/uVu0pBHmdw,2016-05-12T15:34:52.000Z
Carl Icahn,@Carl_C_Icahn,Business Man,1534167900,737636647005786113,We have recently acquired a large position in Allergan $AGN &amp; are very supportive of CEO Brent Saunders. Read more: https://t.co/5OoDWo6Q0g,2016-05-31T13:27:35.000Z
Carl Icahn,@Carl_C_Icahn,Business Man,1534167900,752608037278457856,Nice writeup on @waynepacelle ‘s new book ‘The Humane Economy’. Happy to have helped this important cause. https://t.co/taIUAHOmaM,2016-07-11T20:58:33.000Z
Carl Icahn,@Carl_C_Icahn,Business Man,1534167900,753930827520770048,Pleased to see $HLF has settled with the FTC.  Read my statement here: https://t.co/NkC7l8kiEJ,2016-07-15T12:34:51.000Z
Carl Icahn,@Carl_C_Icahn,Business Man,1534167900,755543675736915968,"I'll be speaking to @trish_regan tonight on @FoxBusiness after @SpeakerRyan finishes his speech, around 9:30pm ET.",2016-07-19T23:23:44.000Z
Carl Icahn,@Carl_C_Icahn,Business Man,1534167900,761269470610554880,Taj Ownership Issues Letter to Taj Employees: https://t.co/CdPX0stRVH,2016-08-04T18:36:00.000Z
Carl Icahn,@Carl_C_Icahn,Business Man,1534167900,763032786504679424,1/2   Believe Trump gave a great speech.,2016-08-09T15:22:47.000Z
Carl Icahn,@Carl_C_Icahn,Business Man,1534167900,763033163576774656,"2/2  How many of our presidents, even our great presidents, would have handled the antics that went on in that auditorium as well as he did?",2016-08-09T15:24:17.000Z
Carl Icahn,@Carl_C_Icahn,Business Man,1534167900,763072653343076352,Trump is right on about our economy. Read more: https://t.co/mwewRWTMoE,2016-08-09T18:01:12.000Z
Carl Icahn,@Carl_C_Icahn,Business Man,1534167900,763098257786634240,I’ll be on Quest Means Business @questCNN at 4:00 p.m. ET on CNN International,2016-08-09T19:42:56.000Z
Carl Icahn,@Carl_C_Icahn,Business Man,1534167900,763098338103267328,I’ll be on @FoxBusiness at 5:00 p.m. ET speaking with Adam Shapiro @Ajshaps,2016-08-09T19:43:16.000Z
Carl Icahn,@Carl_C_Icahn,Business Man,1534167900,763811504751800320,1/2 Hillary’s speech was a mishmash of contradictions.  For example…,2016-08-11T18:57:08.000Z
Carl Icahn,@Carl_C_Icahn,Business Man,1534167900,763811723879018496,"2/2  How do you “unleash the power of corporations” if you do nothing about the strangulating regulations, which she said zero about",2016-08-11T18:58:00.000Z
Carl Icahn,@Carl_C_Icahn,Business Man,1534167900,765232459449446400,@mcuban it sure has stopped me and thousands of others from making capital investments in companies.,2016-08-15T17:03:30.000Z
Carl Icahn,@Carl_C_Icahn,Business Man,1534167900,765232520329822209,@mcuban Cap spending is way down b/c companies r worried about onerous regs - which is diminishing productivity &amp; our ability to compete,2016-08-15T17:03:44.000Z
Carl Icahn,@Carl_C_Icahn,Business Man,1534167900,765572735124766720,I'll be speaking with @ErikSchatzker on @BloombergTV today at 1:00 p.m. ET,2016-08-16T15:35:38.000Z
Carl Icahn,@Carl_C_Icahn,Business Man,1534167900,768893753260056576,Tony Rodio Issues Statement Regarding the Taj: https://t.co/se6OvSD0Fa,2016-08-25T19:32:10.000Z
Carl Icahn,@Carl_C_Icahn,Business Man,1534167900,769271814392582144,I just issued a statement about $HLF. Read it here: https://t.co/wRuNLk1mZt,2016-08-26T20:34:27.000Z
Carl Icahn,@Carl_C_Icahn,Business Man,1534167900,770665229017636864,Good article by @JeffCoxCNBCcom regarding Ackman and $HLF: https://t.co/8yjaZrTL0F,2016-08-30T16:51:23.000Z
Carl Icahn,@Carl_C_Icahn,Business Man,1534167900,770724315176243205,Wrote letter to the editor of @WSJ concerning Ron Barusch’s @Dealpolitik article re our position in Herbalife $HLF: https://t.co/DIOHVCaIP2,2016-08-30T20:46:10.000Z
Carl Icahn,@Carl_C_Icahn,Business Man,1534167900,773184429200203777,I’ll be speaking with @TeamCavuto on @FoxBusiness today at 12:30 p.m. ET.,2016-09-06T15:41:47.000Z
Carl Icahn,@Carl_C_Icahn,Business Man,1534167900,775673435104092160,Carl Icahn issues statement regarding $FCX sale of deepwater O&amp;G assets: https://t.co/14nFDDfP5x,2016-09-13T12:32:12.000Z
Carl Icahn,@Carl_C_Icahn,Business Man,1534167900,775704048641183744,I'll be speaking with @ScottWapnerCNBC today at 4:50pm at #DeliveringAlpha,2016-09-13T14:33:51.000Z
Carl Icahn,@Carl_C_Icahn,Business Man,1534167900,777971923141656580,"In response to inquiries, we released the following statement regarding Chesapeake Energy ( $CHK )– https://t.co/jjNV0gOUSJ",2016-09-19T20:45:35.000Z
Carl Icahn,@Carl_C_Icahn,Business Man,1534167900,781516881173815296,Proud to see @PepBoysAuto taking another step in becoming the leader in quality auto parts for less. https://t.co/AiYuY1l8lV,2016-09-29T15:31:59.000Z
Carl Icahn,@Carl_C_Icahn,Business Man,1534167900,785450576859594752,I just released a statement about the closing of the Taj Mahal. Read it here: https://t.co/xPd096LK2A,2016-10-10T12:03:05.000Z
Carl Icahn,@Carl_C_Icahn,Business Man,1534167900,785511700472729600,My views concerning recent developments for Donald Trump: https://t.co/OU2rq7qNaG,2016-10-10T16:05:58.000Z
Carl Icahn,@Carl_C_Icahn,Business Man,1534167900,788000279677591552,"Anthony @Scaramucci, who I respect, has come up with many excellent insights in his new book.  
https://t.co/NrM72q5BmA",2016-10-17T12:54:41.000Z
Carl Icahn,@Carl_C_Icahn,Business Man,1534167900,788050074861461508,I will be speaking with @ScottWapnerCNBC today at 12:15pm ET for his 5th anniversary of the @HalftimeReport,2016-10-17T16:12:33.000Z
Carl Icahn,@Carl_C_Icahn,Business Man,1534167900,791703560711004160,I applaud the SEC for voting to propose amendments to the proxy rules to require the use of universal proxy cards: https://t.co/MwRxwtlf4I,2016-10-27T18:10:12.000Z
Carl Icahn,@Carl_C_Icahn,Business Man,1534167900,793545522497871872,Please read our statement regarding Herbalife ( $HLF ). https://t.co/ZHfemwRRwv,2016-11-01T20:09:30.000Z
Carl Icahn,@Carl_C_Icahn,Business Man,1534167900,796396234722410497,I'll be speaking with @ScottWapnerCNBC today at noon ET on @HalftimeReport regarding @realDonaldTrump victory and what it means for markets,2016-11-09T16:57:13.000Z
Carl Icahn,@Carl_C_Icahn,Business Man,1534167900,797576075912052745,My interview with @PoppyHarlowCNN will be on @CNN tonight – part I at 7:30pm ET and part II at 8:30 pm ET.,2016-11-12T23:05:29.000Z
Carl Icahn,@Carl_C_Icahn,Business Man,1534167900,798566455600095232,1/2 Spoke to @realDonaldTrump. Steve Mnuchin and Wilbur Ross are being considered for Treasury and Commerce. Both would be great choices.,2016-11-15T16:40:54.000Z
Carl Icahn,@Carl_C_Icahn,Business Man,1534167900,798566520360226820,"2/2 Both are good friends of mine but, more importantly, they are two of the smartest people I know.",2016-11-15T16:41:09.000Z
Carl Icahn,@Carl_C_Icahn,Business Man,1534167900,799291707309391876,I will be on  @FoxBusiness News’ The Intelligence Report with @trish_regan today at 2:00 p.m. ET,2016-11-17T16:42:47.000Z
Carl Icahn,@Carl_C_Icahn,Business Man,1534167900,801109530675441664,"Read my editorial in the @WSJ , “If Oil Refiners Crash, So Will the Economy” : https://t.co/5CkxCqkkZD",2016-11-22T17:06:10.000Z
Carl Icahn,@Carl_C_Icahn,Business Man,1534167900,801148856729739264,Spoke with Neil @TeamCavuto on @FoxBusiness earlier today.  Here is part of my interview: https://t.co/uzIk0NiMoQ,2016-11-22T19:42:26.000Z
Carl Icahn,@Carl_C_Icahn,Business Man,1534167900,803983976809504768,1/2 Congrats to @realDonaldTrump on making excellent choices for Treasury and Commerce.,2016-11-30T15:28:12.000Z
Carl Icahn,@Carl_C_Icahn,Business Man,1534167900,803984035286581248,2/2 Steve Mnuchin and Wilbur Ross will both help to do what American needs most – stimulate companies to invest.,2016-11-30T15:28:25.000Z
Carl Icahn,@Carl_C_Icahn,Business Man,1534167900,805913320427548672,1/2 - I am very pleased with the actions announced by $XRX today.,2016-12-05T23:14:43.000Z
Carl Icahn,@Carl_C_Icahn,Business Man,1534167900,805913411519467520,2/2 - I look forward to completion of the spin and to other future changes that we believe will meaningfully enhance value.,2016-12-05T23:15:05.000Z
Carl Icahn,@Carl_C_Icahn,Business Man,1534167900,807676240891170817,My interview with @PoppyHarlowCNN will be on @CNN today at 3:25pm ET and 4:38pm ET,2016-12-10T19:59:56.000Z
Carl Icahn,@Carl_C_Icahn,Business Man,1534167900,810893329705603072,Today $IEP reached an agreement to sell American Railcar Leasing to SMBC Rail Services for $3.3 billion. Read more: https://t.co/WmJPiMwnpw,2016-12-19T17:03:30.000Z
Carl Icahn,@Carl_C_Icahn,Business Man,1534167900,811720256351830019,I've agreed to serve as a special advisor to the president on issues relating to regulatory reform: https://t.co/tdL0EP7OHQ,2016-12-21T23:49:24.000Z
Carl Icahn,@Carl_C_Icahn,Business Man,1534167900,811964505974538240,I'll be speaking with @scottwapnercnbc today at noon ET on @halftimereport @cnbc,2016-12-22T15:59:58.000Z
Carl Icahn,@Carl_C_Icahn,Business Man,1534167900,813540360987222016,"@JonathonTrugman is right on point in his article on reg reform.  I've never met/spoken to him but def intend to. 
https://t.co/6JCLnX3QAo",2016-12-27T00:21:51.000Z
Carl Icahn,@Carl_C_Icahn,Business Man,1534167900,818543044052025348,I will be on @CNBC today around 5:25pm ET for the 10th anniversary of @CNBCFastMoney.,2017-01-09T19:40:44.000Z
Carl Icahn,@Carl_C_Icahn,Business Man,1534167900,823530802520739840,".@realDonaldTrump ‘s brilliant inaugural speech, defying worst critics, leaves no doubt our dangerous slide towards socialism is over.",2017-01-23T14:00:18.000Z
Carl Icahn,@Carl_C_Icahn,Business Man,1534167900,828696219551727616,"Christie’s veto of Sweeney’s bill and his statement about it is spot on. For my further thoughts, see here. https://t.co/7383L27FCc",2017-02-06T20:05:49.000Z
Carl Icahn,@Carl_C_Icahn,Business Man,1534167900,831925778858332163,1/1 Article today in @dealbreaker gives new meaning to the words fake news. https://t.co/z9aSJ3o0S7,2017-02-15T17:58:56.000Z
Carl Icahn,@Carl_C_Icahn,Business Man,1534167900,831925834021793792,2/2 I have not been in restaurant Marea in 10 yrs.  Nor do I eat steak rare or drink red wine. Nor does Ackman ever toast to me.,2017-02-15T17:59:09.000Z
Carl Icahn,@Carl_C_Icahn,Business Man,1534167900,839563245556011012,See my piece in @thehill regarding latest “fake news” concerning my activities involving RINs &amp; the RFS: https://t.co/E3NBtEusxt,2017-03-08T19:47:30.000Z
Carl Icahn,@Carl_C_Icahn,Business Man,1534167900,839824659147280385,We fully support the actions taken today by the board of $AIG. https://t.co/0dyJD3ehsO,2017-03-09T13:06:16.000Z
Carl Icahn,@Carl_C_Icahn,Business Man,1534167900,864095055417667584,1/2 - Very pleased the $AIG board is finally making some of the much-needed changes we've been advocating the last 18 months,2017-05-15T12:28:09.000Z
Carl Icahn,@Carl_C_Icahn,Business Man,1534167900,864095109398265856,2/2 - It is extremely gratifying that the activist strategy continues to create value for ALL shareholders,2017-05-15T12:28:22.000Z
Carl Icahn,@Carl_C_Icahn,Business Man,1534167900,898648929692114945,"1/2 Today, with President Trump’s blessing, I ceased to act as special advisor to the President on issues relating to regulatory reform.",2017-08-18T20:52:55.000Z
Carl Icahn,@Carl_C_Icahn,Business Man,1534167900,898649048030167040,2/2 Here is a copy of the letter that I delivered to President Trump confirming this decision. https://t.co/ng9FJyRxlp,2017-08-18T20:53:23.000Z
Carl Icahn,@Carl_C_Icahn,Business Man,1534167900,936251358667313154,1/2 Wrote a letter to the directors of SandRidge Energy re their adoption of a poison pill that represents a new low in corporate governance.,2017-11-30T15:11:33.000Z
Carl Icahn,@Carl_C_Icahn,Business Man,1534167900,936251436110962688,2/2 Read our letter to the Board of Directors of SandRidge Energy here: https://t.co/h4x5Pl7DRe,2017-11-30T15:11:51.000Z
Carl Icahn,@Carl_C_Icahn,Business Man,1534167900,936274232551583749,I'll be speaking with @ScottWapnerCNBC on @CNBC today at noon ET.,2017-11-30T16:42:26.000Z
Carl Icahn,@Carl_C_Icahn,Business Man,1534167900,936638757889036288,1/3 Delivered a demand to SandRidge Energy pursuant to § 220 of the Delaware General Corporation Law to inspect certain books and records.,2017-12-01T16:50:56.000Z
Carl Icahn,@Carl_C_Icahn,Business Man,1534167900,936638917494956032,"2/3 Purpose is to allow investigation of management &amp; board actions pertaining to compensation, the Bonanza transaction &amp; the poison pill.",2017-12-01T16:51:34.000Z
Carl Icahn,@Carl_C_Icahn,Business Man,1534167900,936639072633843712,3/3 Read our demand letter to SandRidge Energy here: https://t.co/IK4dShatK3,2017-12-01T16:52:11.000Z
Carl Icahn,@Carl_C_Icahn,Business Man,1534167900,940582772439216128,We just released a statement (including other important information) on $XRX – available here: https://t.co/nFCeiKsaGL,2017-12-12T14:03:02.000Z
Carl Icahn,@Carl_C_Icahn,Business Man,1534167900,941670892500914176,We just filed our preliminary proxy statement (including other important information) on $SD – available here: https://t.co/CQIGj0vM6k,2017-12-15T14:06:50.000Z
Carl Icahn,@Carl_C_Icahn,Business Man,1534167900,950729594822365184,Read our letter to the Board of Directors of SandRidge Energy here: https://t.co/jNnQBF2Nb6,2018-01-09T14:02:53.000Z
Carl Icahn,@Carl_C_Icahn,Business Man,1534167900,953990834235609089,We just released a statement (including other important information) on $XRX – available here: https://t.co/MePX4N8T1Y,2018-01-18T14:01:53.000Z
Carl Icahn,@Carl_C_Icahn,Business Man,1534167900,955440352349040640,We just released a statement (including other important information) on $XRX – available here: https://t.co/DRNfvJg8CZ,2018-01-22T14:01:45.000Z
Carl Icahn,@Carl_C_Icahn,Business Man,1534167900,960919620168437760,I'll be speaking with @ScottWapnerCNBC today at 12:30pmET on @HalftimeReport about the market.,2018-02-06T16:54:25.000Z
Carl Icahn,@Carl_C_Icahn,Business Man,1534167900,963050455222964227,We just released a statement (including other important information) on $XRX – available here: https://t.co/HRE1WRsB19,2018-02-12T14:01:35.000Z
Carl Icahn,@Carl_C_Icahn,Business Man,1534167900,965949705447460864,We just released a statement (including other important information) on $XRX – available here: https://t.co/skyIKwaGVv,2018-02-20T14:02:10.000Z
Carl Icahn,@Carl_C_Icahn,Business Man,1534167900,969251030826405888,I'll be speaking with @ScottWapnerCNBC on CNBC’s @HalftimeReport today at 12:30 p.m. ET. About $HLF and more.,2018-03-01T16:40:28.000Z
Carl Icahn,@Carl_C_Icahn,Business Man,1534167900,969579708462632960,We just released a statement (including other important information) on $XRX – available here: https://t.co/fs2m6aWZEc,2018-03-02T14:26:31.000Z
Carl Icahn,@Carl_C_Icahn,Business Man,1534167900,971432039231705088,"In response to inquiries, we released the following statement regarding The Manitowoc Company, Inc. ($MTW) – https://t.co/u1PQQYZo3Y",2018-03-07T17:07:01.000Z
Carl Icahn,@Carl_C_Icahn,Business Man,1534167900,973952422379966465,We just released an announcement (including other important information) on $XRX – available here: https://t.co/fAb02fNqrM,2018-03-14T16:02:07.000Z
Carl Icahn,@Carl_C_Icahn,Business Man,1534167900,983662752580415489,Today $IEP reached an agreement to sell Federal-Mogul to Tenneco for $5.4 billion. Read more: https://t.co/eNVWaS3Maj,2018-04-10T11:07:30.000Z
Carl Icahn,@Carl_C_Icahn,Business Man,1534167900,985835718546284544,Today $IEP announced an agreement to sell Tropicana Entertainment for $1.85 billion. Read more: https://t.co/RXPp61fUmH,2018-04-16T11:02:05.000Z
Carl Icahn,@Carl_C_Icahn,Business Man,1534167900,986315617270730752,Just released a detailed presentation (including other important info) on $XRX - available here: https://t.co/aXRVj2Eexj,2018-04-17T18:49:02.000Z
Carl Icahn,@Carl_C_Icahn,Business Man,1534167900,989102014520070144,See my letter in today’s @washingtonpost.  Despite suggestive headline there is no rift between @POTUS and me. https://t.co/8QOecZzP5f,2018-04-25T11:21:11.000Z
Carl Icahn,@Carl_C_Icahn,Business Man,1534167900,989519544443170823,1/3 I just want to thank all the $XRX shareholders that have already reached out to discuss our deck on rescuing and revitalizing the company [SEC Legend:https://t.co/KuXkC32Ktf],2018-04-26T15:00:18.000Z
Carl Icahn,@Carl_C_Icahn,Business Man,1534167900,989519683245301760,2/3 I also want to encourage all $XRX shareholders to read the Barclays analyst report that was published on Tuesday [SEC Legend:https://t.co/KuXkC32Ktf],2018-04-26T15:00:51.000Z
Carl Icahn,@Carl_C_Icahn,Business Man,1534167900,989519795384209408,3/3 It’s an independent analysis that proves (1) $XRX shareholders “deserve better” (2) “the current deal undervalues the company (and provides no premium to shareholders)” and (3) “Icahn’s alternatives…would be a better idea in comparison” [SEC Legend:https://t.co/KuXkC32Ktf],2018-04-26T15:01:18.000Z
Carl Icahn,@Carl_C_Icahn,Business Man,1534167900,992268440407752705,We just released an open letter (including other important information) to shareholders of $XRX – available here: https://t.co/TKzltX6b6G,2018-05-04T05:03:26.000Z
Carl Icahn,@Carl_C_Icahn,Business Man,1534167900,993548719852347393,We just released an open letter (including other important information) to shareholders of $XRX – available here: https://t.co/cZctpxSlHN,2018-05-07T17:50:48.000Z
Carl Icahn,@Carl_C_Icahn,Business Man,1534167900,994532966188617728,We just released an open letter (including other important information) to shareholders of $XRX – available here: https://t.co/PlEVzTm4PD,2018-05-10T11:01:51.000Z
Carl Icahn,@Carl_C_Icahn,Business Man,1534167900,997210267477073920,Today I filed a 13D on $AFSI and own 18.4 million shares. Also sent a letter to the $AFSI Board: https://t.co/LWGiCGKBBl,2018-05-17T20:20:29.000Z
Carl Icahn,@Carl_C_Icahn,Business Man,1534167900,998593349312376833,I’ll be speaking with @ScottWapnerCNBC today at 12:15pmET on @CNBC ’s @HalftimeReport report.,2018-05-21T15:56:22.000Z
Carl Icahn,@Carl_C_Icahn,Business Man,1534167900,998595417548959745,"Today we filed a lawsuit against $AFSI, Barry Zyskind, George Karfunkel and Leah Karfunkel. https://t.co/gnsq68m3zB",2018-05-21T16:04:35.000Z
Carl Icahn,@Carl_C_Icahn,Business Man,1534167900,998609989320179713,"Arca Capital makes a lot of good points about $AFSI [https://t.co/hntdi7XAay]
See also, Important Information: https://t.co/a0ggjn4X1m",2018-05-21T17:02:29.000Z
Carl Icahn,@Carl_C_Icahn,Business Man,1534167900,999275414022512641,Read our letter to the stockholders of SandRidge Energy/ $SD (including other important information) here: https://t.co/bVqmrzfFd0,2018-05-23T13:06:38.000Z
Carl Icahn,@Carl_C_Icahn,Business Man,1534167900,999953258125897731,Just released a presentation (including other important information) on  $SD/ SandRidge Energy: https://t.co/guP9AYGihX,2018-05-25T10:00:09.000Z
Carl Icahn,@Carl_C_Icahn,Business Man,1534167900,1000002976235315200,We just issued a statement regarding $HLF: https://t.co/W4nZbnZtui,2018-05-25T13:17:43.000Z
Carl Icahn,@Carl_C_Icahn,Business Man,1534167900,1000039773938044928,ISS Recommends Shareholders Vote Against $AFSI Going-Private. We just issued a statement (including other important information) https://t.co/FtfMGXdEDN,2018-05-25T15:43:56.000Z
Carl Icahn,@Carl_C_Icahn,Business Man,1534167900,1001912432854536193,We just issued a statement re $AFSI (including other important information).  Vote AGAINST $AFSI going-private: https://t.co/IncZO1bbjE,2018-05-30T19:45:13.000Z
Carl Icahn,@Carl_C_Icahn,Business Man,1534167900,1002173339396427777,Read our letter to the stockholders of SandRidge Energy/ $SD (including other important information) here: https://t.co/tQcifdJLhV,2018-05-31T13:01:58.000Z
Carl Icahn,@Carl_C_Icahn,Business Man,1534167900,1003597539223003136,Read our letter to the stockholders of SandRidge Energy/ $SD (including other important information) here: https://t.co/6EIZQQzfaa,2018-06-04T11:21:13.000Z
Carl Icahn,@Carl_C_Icahn,Business Man,1534167900,1004315140664233984,Read our letter to the stockholders of SandRidge Energy/ $SD (including other important information) here: https://t.co/18tqGoKLyp,2018-06-06T10:52:43.000Z
Carl Icahn,@Carl_C_Icahn,Business Man,1534167900,1004403468772233217,Read our statement regarding SandRidge Energy/ $SD (including other important information) here: https://t.co/q6Bb70pLb2,2018-06-06T16:43:42.000Z
Carl Icahn,@Carl_C_Icahn,Business Man,1534167900,1004680338575187968,Read our letter to the board of directors of SandRidge Energy/ $SD (including other important information) here: https://t.co/8GKIvaW0Fn,2018-06-07T11:03:53.000Z
Carl Icahn,@Carl_C_Icahn,Business Man,1534167900,1006159774147399680,Read our letter to the stockholders of $SD (including other important information) here: https://t.co/uF6EA1hfPZ,2018-06-11T13:02:38.000Z
Carl Icahn,@Carl_C_Icahn,Business Man,1534167900,1007247033781145600,Read our latest letter to $SD stockholders (including other important information) here: https://t.co/T5lV9Zbqm7,2018-06-14T13:03:01.000Z
Carl Icahn,@Carl_C_Icahn,Business Man,1534167900,1007679084791582726,Read our latest letter to $SD stockholders (including other important information) here: https://t.co/DxJ1WL9skE,2018-06-15T17:39:50.000Z
Carl Icahn,@Carl_C_Icahn,Business Man,1534167900,1008658533586538496,Read our latest letter to $SD stockholders (including other important information) here: https://t.co/JNNg6dzKIo,2018-06-18T10:31:49.000Z
Carl Icahn,@Carl_C_Icahn,Business Man,1534167900,1008805094295470081,Read our latest letter to $SD stockholders (including other important information) here: https://t.co/RwWO3usekb,2018-06-18T20:14:11.000Z
Carl Icahn,@Carl_C_Icahn,Business Man,1534167900,1026770474460766208,Read our letter to Cigna ( $CI) stockholders (including other important information) here: https://t.co/FKdMMQLeDx,2018-08-07T10:02:12.000Z
Carl Icahn,@Carl_C_Icahn,Business Man,1534167900,1027249024821350400,I will be speaking with @trish_regan on @FoxBusiness at 2pm ET today.,2018-08-08T17:43:47.000Z
Carl Icahn,@Carl_C_Icahn,Business Man,1534167900,1027514211491110912,Read our letter to Cigna ($CI) stockholders (including other important information) here: https://t.co/nzI2VX2vuw,2018-08-09T11:17:32.000Z
Carl Icahn,@Carl_C_Icahn,Business Man,1534167900,1029147878613241862,Read our statement regarding Cigna ( $CI) here: https://t.co/3AOp0FE3V0,2018-08-13T23:29:09.000Z
Carl Icahn,@Carl_C_Icahn,Business Man,1534167900,1051775182610804736,Read our letter to $DVMT Dell tracking stockholders (including other important information) here: https://t.co/HlvxLJh66n,2018-10-15T10:01:59.000Z
Carl Icahn,@Carl_C_Icahn,Business Man,1534167900,1051853219872342017,I’ll be speaking with @ScottWapnerCNBC today at 12:30pmET on @CNBC ‘s @HalftimeReport,2018-10-15T15:12:04.000Z
Carl Icahn,@Carl_C_Icahn,Business Man,1534167900,1054329292115636224,$ARII announces merger. Read $IEP press release (including other important information) here: https://t.co/mVDZIZXmYX,2018-10-22T11:11:06.000Z
Carl Icahn,@Carl_C_Icahn,Business Man,1534167900,1057950859626274816,Filed complaint against $DVMT.  Read our press release (including other important information) here: https://t.co/HQnTiiHQ7S,2018-11-01T11:01:55.000Z
Carl Icahn,@Carl_C_Icahn,Business Man,1534167900,1060637201241923587,"@davidfaber @davidfaber your critique of my record – saying we did only as well as the S&amp;P – misses the whole point, which is that $IEP ’s record has proven that activism – done correctly – is a great model. 1/2",2018-11-08T20:56:29.000Z
Carl Icahn,@Carl_C_Icahn,Business Man,1534167900,1060637421648384000,"@davidfaber @davidfaber you should realize that the funds comprising our investment segment are only a small part of what we do. $IEP 's return during the period you cite was +516.62% or +13.96% annualized, which we believe compares quite favorably to the S&amp;P.",2018-11-08T20:57:21.000Z
Carl Icahn,@Carl_C_Icahn,Business Man,1534167900,1061951210289352704,"Just released our 20-slide ISS presentation in opposition to Dell's offer for $DVMT. Meeting w ISS today. Slide 4 is an excellent summary of our opposition. See full presentation, which includes other important information, here: https://t.co/16Ak7V5h1j https://t.co/BdiCxD0ccT",2018-11-12T11:57:53.000Z
Carl Icahn,@Carl_C_Icahn,Business Man,1534167900,1062801937035419648,Just issued statement regarding $DVMT transaction rumors (including other important information): https://t.co/S9lub7Uc0K,2018-11-14T20:18:22.000Z
Carl Icahn,@Carl_C_Icahn,Business Man,1534167900,1063182759701684232,Just issued statement regarding $DVMT amended deal (including other important information): https://t.co/LfcbUJkC1v,2018-11-15T21:31:37.000Z
Carl Icahn,@Carl_C_Icahn,Business Man,1534167900,1082292401958465537,I’ll be speaking with Neil Cavuto @TeamCavuto on @FoxBusiness today at 1pm ET.,2019-01-07T15:06:31.000Z
Carl Icahn,@Carl_C_Icahn,Business Man,1534167900,1143119516609798144,Just issued statement regarding $CZR and $ERI merger: https://t.co/zwgSqG7ZQ7,2019-06-24T11:31:45.000Z
Carl Icahn,@Carl_C_Icahn,Business Man,1534167900,1153356622804205569,Read our letter to $OXY stockholders (including other important information) here: https://t.co/2uaWkzlbsH,2019-07-22T17:30:21.000Z
Carl Icahn,@Carl_C_Icahn,Business Man,1534167900,1161340224607326208,Read our letter to $OXY stockholders (including other important information) here: https://t.co/rOo5Flz9RQ,2019-08-13T18:14:20.000Z
Carl Icahn,@Carl_C_Icahn,Business Man,1534167900,1166832668220301313,Read our letter to $OXY stockholders (including other important information) here: https://t.co/ZXoDl1zkJw,2019-08-28T21:59:21.000Z
Carl Icahn,@Carl_C_Icahn,Business Man,1534167900,1186427139953963008,Interesting article in Saturday’s @WSJ on activism and me: https://t.co/hoJQZUXn6j,2019-10-21T23:40:47.000Z
Carl Icahn,@Carl_C_Icahn,Business Man,1534167900,1192865377040130052,Read our letter to $OXY stockholders (including other important information) here: https://t.co/qZY9ntjnJm,2019-11-08T18:04:02.000Z
Carl Icahn,@Carl_C_Icahn,Business Man,1534167900,1196593951316365312,"Read my editorial in the @WSJ, “Let Proxy Advisers Do Their Work”: https://t.co/clE2JWK3Xn",2019-11-19T01:00:04.000Z
Carl Icahn,@Carl_C_Icahn,Business Man,1534167900,1202222836905119744,Read our open letter to $HPQ shareholders (including other important information) here: https://t.co/7gxNKm7Kf2,2019-12-04T13:47:15.000Z
Carl Icahn,@Carl_C_Icahn,Business Man,1534167900,1227645757693538307,Read our letter to $OXY stockholders (including other important information) here: https://t.co/bleZn8dfXM,2020-02-12T17:28:51.000Z
Carl Icahn,@Carl_C_Icahn,Business Man,1534167900,1238463253124169728,"I’ll be speaking with @ScottWapnerCNBC today at 12:30pmET on
@CNBC‘s @HalftimeReport",2020-03-13T13:53:43.000Z
Carl Icahn,@Carl_C_Icahn,Business Man,1534167900,1253706779084668928,I will be speaking with @ErikSchatzker on @BloombergTV today at 3pm ET,2020-04-24T15:26:03.000Z
Carl Icahn,@Carl_C_Icahn,Business Man,1534167900,1293528780485595136,We just issued a statement regarding $HLF: https://t.co/S0aM6y3fTY,2020-08-12T12:44:28.000Z
Carl Icahn,@Carl_C_Icahn,Business Man,1534167900,1445417572183298049,Read our letter to the board of $SWX (including other important information) here: https://t.co/uoUu4ZGrAm,2021-10-05T15:56:18.000Z
Carl Icahn,@Carl_C_Icahn,Business Man,1534167900,1448731084884168707,Read our letter to stockholders of $SWX (including other important information) here: https://t.co/2fOGFjOKdX,2021-10-14T19:23:01.000Z
Carl Icahn,@Carl_C_Icahn,Business Man,1534167900,1450831770698620931,Read our letter to stockholders of $SWX (including other important information) here: https://t.co/UHFkRz43ep,2021-10-20T14:30:23.000Z
Carl Icahn,@Carl_C_Icahn,Business Man,1534167900,1452636505483227142,Read our letter to the board of $SWX (including other important information) here: https://t.co/QPGlilwDKA,2021-10-25T14:01:46.000Z
Carl Icahn,@Carl_C_Icahn,Business Man,1534167900,1453306143917449225,Read the summary ad re our $SWX tender offer (including other important information) here: https://t.co/9WVtpV1kom,2021-10-27T10:22:40.000Z
Carl Icahn,@Carl_C_Icahn,Business Man,1534167900,1455535590737424396,Read our letter to stockholders of $SWX (including other important information) here: https://t.co/E62Ak241qi,2021-11-02T14:01:42.000Z
Carl Icahn,@Carl_C_Icahn,Business Man,1534167900,1458180605661913096,Read our letter to stockholders of $SWX (including other important information) here: https://t.co/78XYEyxLM8,2021-11-09T21:12:02.000Z
Carl Icahn,@Carl_C_Icahn,Business Man,1534167900,1458810886118850570,Read our letter to the board of $SWX (including other important information) here: https://t.co/i6shSW6ive,2021-11-11T14:56:33.000Z
Carl Icahn,@Carl_C_Icahn,Business Man,1534167900,1460231669869420548,Read the press release re our $SWX proxy slate (including other important information) here: https://t.co/1gyAVFGt8c,2021-11-15T13:02:14.000Z
Carl Icahn,@Carl_C_Icahn,Business Man,1534167900,1484251640270106626,I will be speaking with @MelissaLeeCNBC on @CNBCFastMoney today at 5:25pm ET,2022-01-20T19:49:01.000Z
Carl Icahn,@Carl_C_Icahn,Business Man,1534167900,1486444324527255558,Read our letter to stockholders of $SWX (including other important information) here: https://t.co/IYmPEpUneX,2022-01-26T21:01:58.000Z
Carl Icahn,@Carl_C_Icahn,Business Man,1534167900,1493742342389391361,1/3 The @HBO documentary which I'm the subject of - directed by Bruce David Klein of @AtlasMediaCorp - premieres tonight on @HBOMax at 9PM.,2022-02-16T00:21:41.000Z
Carl Icahn,@Carl_C_Icahn,Business Man,1534167900,1493742486937812992,"2/3 I’m honored to be of interest to @HBOdocs. A major reason for my participation in the film was that I wanted to convey the following message: There are many good CEOs and boards, but there are far too many terrible ones that are hurting our economy…",2022-02-16T00:22:15.000Z
Carl Icahn,@Carl_C_Icahn,Business Man,1534167900,1493742594064625668,"3/3 Even though we have great corporations, the boards of these companies don't hold their CEOs accountable, and we are therefore not nearly as productive as we should be, which is a major reason for inflation and the wealth gap.",2022-02-16T00:22:41.000Z
Carl Icahn,@Carl_C_Icahn,Business Man,1534167900,1494008247652696067,I’m looking forward to speaking with @erikschatzker on @BloombergTV today at 3pm ET. We’ll be discussing the #IcahnHBO documentary and many more topics.,2022-02-16T17:58:18.000Z
Carl Icahn,@Carl_C_Icahn,Business Man,1534167900,1498629763107364864,Read our letter to stockholders of $SWX (including other important information) here: https://t.co/uSijizkuh7,2022-03-01T12:02:33.000Z
Carl Icahn,@Carl_C_Icahn,Business Man,1534167900,1500803742668627968,Read our letter to stockholders of $SWX (including other important information) here: https://t.co/Brcaa1tqeb,2022-03-07T12:01:10.000Z
Carl Icahn,@Carl_C_Icahn,Business Man,1534167900,1503340373854273536,Read our letter to stockholders of $SWX (including other important information) here: https://t.co/LOizlXqehq,2022-03-14T12:00:50.000Z
Carl Icahn,@Carl_C_Icahn,Business Man,1534167900,1506352808844480530,I will be speaking with @ScottWapnerCNBC on @CNBC today at 4 pm ET.,2022-03-22T19:31:10.000Z
Carl Icahn,@Carl_C_Icahn,Business Man,1534167900,1508557158798999560,Read our letter to stockholders of $SWX (including other important information) here: https://t.co/ZBYGjRDEns,2022-03-28T21:30:28.000Z
Carl Icahn,@Carl_C_Icahn,Business Man,1534167900,1508904511682850830,Read our letter to the Chairman and CEO of $KR (including other important information) here: https://t.co/B2cUcxcXJ2,2022-03-29T20:30:44.000Z
Carl Icahn,@Carl_C_Icahn,Business Man,1534167900,1511089597157105667,Read our letter to stockholders of $SWX (including other important information) here: https://t.co/A4hcF1u066,2022-04-04T21:13:29.000Z
Carl Icahn,@Carl_C_Icahn,Business Man,1534167900,1511466042530402308,Read our letter to stockholders of $SWX (including other important information) here: https://t.co/DQ5DbmuTHt,2022-04-05T22:09:20.000Z
Carl Icahn,@Carl_C_Icahn,Business Man,1534167900,1512135581026897933,Read our letter to the board of directors of $SWX (including other important information) here: https://t.co/X9W0JP0DjW,2022-04-07T18:29:51.000Z
Carl Icahn,@Carl_C_Icahn,Business Man,1534167900,1513487318384005121,Read our letter to stockholders of $SWX (including other important information) here: https://t.co/dtROvYPsHZ,2022-04-11T12:01:10.000Z
