David Einhorn,@davidein,Business Man,52849759,2426139375,my very first twitter post in preparation for vegas,2009-07-01T21:03:07.000Z
David Einhorn,@davidein,Business Man,52849759,2426470528,this is my first tweet from my cell. im a techie!,2009-07-01T21:26:38.000Z
David Einhorn,@davidein,Business Man,52849759,2436539900,welcome to my grand experiment in modern technology. poker updates start at noon sat vegas time. can't wait!,2009-07-02T13:09:32.000Z
David Einhorn,@davidein,Business Man,52849759,2470652902,good morning.  gameday prep going well.  the eliptical machine rues the day...,2009-07-04T16:07:13.000Z
David Einhorn,@davidein,Business Man,52849759,2472412675,did photos and q&a with espn. lots of poker vs. investing questions.  at table 47 seat 3.   ready to go!,2009-07-04T18:37:33.000Z
David Einhorn,@davidein,Business Man,52849759,2472947866,"don,t know anyone.  starting 30k. folded first hand. don't win first one. can't win them all.",2009-07-04T19:25:32.000Z
David Einhorn,@davidein,Business Man,52849759,2473150116,kk ran into aa.  a flopped.  only lost 4k,2009-07-04T19:44:14.000Z
David Einhorn,@davidein,Business Man,52849759,2474071565,?s?)  ??n2(0w?@,2009-07-04T21:08:52.000Z
David Einhorn,@davidein,Business Man,52849759,2474071641,"???? 
??o:? 
?A?rXN??@f?' /?A?q%D???e2????? ?&lt;|??p"":L???"" v?Af?' /?A2????w7?????.""??v?d?5??????'?k?@cv]&lt;??rw?
????(????0????",2009-07-04T21:08:52.000Z
David Einhorn,@davidein,Business Man,52849759,2474080653,right at 30k at first break.,2009-07-04T21:09:44.000Z
David Einhorn,@davidein,Business Man,52849759,2475530728,good 2 hrs.  lost medium pot with jj vs qq and a 10-9-8 flop.  otherwise all good .  37k going into 90 min dinner break.,2009-07-04T23:30:22.000Z
David Einhorn,@davidein,Business Man,52849759,2476169217,"?ttz ????y?M?i ""?\???g?9-??A??????@ ""?=??? ?? ???j""?(??? ??????dPx\??rw?2??s4?,!?Ao8(? ?A?q?E??d??????d?.w?@?????e????? %l???",2009-07-05T00:36:29.000Z
David Einhorn,@davidein,Business Man,52849759,2476169393,"??;???Z9??]#?A???]&?? 3?&gt;G?@?y;?f??i?(t???????] """,2009-07-05T00:36:30.000Z
David Einhorn,@davidein,Business Man,52849759,2476780535,folding....folding...folding....33.5k,2009-07-05T01:39:02.000Z
David Einhorn,@davidein,Business Man,52849759,2477625180,miserable round.  flopped a set of aces and won a small pot and two other small ones.  but overall calling too many bets and eventually  ...,2009-07-05T03:03:10.000Z
David Einhorn,@davidein,Business Man,52849759,2478215534,missed flush draw...bluffed river...got called...19k,2009-07-05T04:01:37.000Z
David Einhorn,@davidein,Business Man,52849759,2479055446,done for the day.  hanging in by a finger nail. 8k left. longer version to follow.,2009-07-05T05:29:43.000Z
David Einhorn,@davidein,Business Man,52849759,2517143314,back in vegas.  cheryl finished 16th. gametime today is noon. i start with 8k,2009-07-07T17:15:49.000Z
David Einhorn,@davidein,Business Man,52849759,2519479728,ak vs aj   i double up  !,2009-07-07T19:22:27.000Z
David Einhorn,@davidein,Business Man,52849759,2521588851,end of level 5. 19k.  missed all 5 flops i saw. better game face today. table ok,2009-07-07T21:36:14.000Z
David Einhorn,@davidein,Business Man,52849759,2521628919,1 asian with wsop bracelet.  many short stacks.,2009-07-07T21:39:12.000Z
David Einhorn,@davidein,Business Man,52849759,2522057569,dribbling along...16.5k,2009-07-07T22:09:45.000Z
David Einhorn,@davidein,Business Man,52849759,2522444464,basically first hand in 2 hrs.  aq ran in to aa.  see ya next year.,2009-07-07T22:37:37.000Z
David Einhorn,@davidein,Business Man,52849759,18059861935,Game on. 1hr in. I like my seating. Up a little.,2010-07-08T20:09:54.000Z
David Einhorn,@davidein,Business Man,52849759,18063115652,"Good first level. 36,700. Playing good. Flopped a full house. Good table image.",2010-07-08T21:11:25.000Z
David Einhorn,@davidein,Business Man,52849759,18068201485,Hour 3 card dead.  Same spot zzzzzzzzzzz,2010-07-08T22:42:14.000Z
David Einhorn,@davidein,Business Man,52849759,18071408936,Level 2...done .... Nothing happened.... 36k,2010-07-08T23:35:15.000Z
David Einhorn,@davidein,Business Man,52849759,18082795431,Dinner break. Had a nice run up to 45k...ran into something yucky on 2nd hand before break....back to 34k,2010-07-09T02:18:35.000Z
David Einhorn,@davidein,Business Man,52849759,18089666556,"Sad and short. With the queen ten of diamonds on the button, I saw a four way flop 973 with two diamonds. Everyone checked.",2010-07-09T04:02:37.000Z
David Einhorn,@davidein,Business Man,52849759,18089807824,"Then the 8 of diamonds. The small blind bet 2500, I raised 9k. The river was  a 3. He bet 10k. I called to see 9s full.",2010-07-09T04:04:51.000Z
David Einhorn,@davidein,Business Man,52849759,18089846297,A few hands later ak ran into Aa. All done,2010-07-09T04:05:27.000Z
David Einhorn,@davidein,Business Man,52849759,18141999467,@LeeKLem now that is funny. I can't imagine hour    to hour updates.  Have a great weekend,2010-07-09T19:25:30.000Z
David Einhorn,@davidein,Business Man,52849759,18142050251,"@yaq617 truth is, I felt a cringe when the board paired.",2010-07-09T19:26:23.000Z
David Einhorn,@davidein,Business Man,52849759,89393333415329792,Greetings from Vegas!  Getting ready for WSOP. Playing tomorrow on team for MJ Fox. New kids' handprint sweatshirts should bring luck.,2011-07-08T18:00:06.000Z
David Einhorn,@davidein,Business Man,52849759,89761492391563264,Tremendous pre game coaching effort for Team Fox by Phil Gordon. Followed by enormous Chinese banquet. The team is good to go.,2011-07-09T18:23:02.000Z
David Einhorn,@davidein,Business Man,52849759,89764485971197952,Table 371 seat 2. Wifey is a 321. Seat 8. She looks great in sweatshirt http://t.co/fyjtssp,2011-07-09T18:34:55.000Z
David Einhorn,@davidein,Business Man,52849759,89806345158660097,First break. Humberto brennes and Marcel luske at my table. Flopped top set last hand before break. Nice pot. 41k.,2011-07-09T21:21:15.000Z
David Einhorn,@davidein,Business Man,52849759,89887227206836224,Level 2. Win some lose some. All small. 37k,2011-07-10T02:42:39.000Z
David Einhorn,@davidein,Business Man,52849759,89887284421337088,Doubled up!  Donkey player called my push. 76k. At dinner.,2011-07-10T02:42:53.000Z
David Einhorn,@davidein,Business Man,52849759,89915594803130369,Getting abused. But staying patient. 66k.,2011-07-10T04:35:23.000Z
David Einhorn,@davidein,Business Man,52849759,89929953323388928,Strong finish to level. The Gordon bluff and a set. 80k,2011-07-10T05:32:26.000Z
David Einhorn,@davidein,Business Man,52849759,89972263159480320,"Bagged and done. 94,400. Call me pocket tens. Dan is out. Cheryl also (in the last ten minutes). Justin sitting and Reid sitting pretty 55k",2011-07-10T08:20:33.000Z
David Einhorn,@davidein,Business Man,52849759,89972391589060608,Vinit and ari hanging on for dear life.,2011-07-10T08:21:04.000Z
David Einhorn,@davidein,Business Man,52849759,90495959074734082,Day 2. Seated...game on.,2011-07-11T19:01:32.000Z
David Einhorn,@davidein,Business Man,52849759,90517117702647809,"1 hr in. Nothing happened. Breaking my table. So much for that table image :). Actually, happy to go.",2011-07-11T20:25:37.000Z
David Einhorn,@davidein,Business Man,52849759,90534630368886784,First break 80k. New table is very tough,2011-07-11T21:35:12.000Z
David Einhorn,@davidein,Business Man,52849759,90565364546682880,Nothing good. Down to 51k and would be worse if I didn't make a good fold. Haven't won more than a trivial pot in four hours.,2011-07-11T23:37:20.000Z
David Einhorn,@davidein,Business Man,52849759,90604554625875968,Dinner break.  More of the same 40k. Sheesh.,2011-07-12T02:13:03.000Z
David Einhorn,@davidein,Business Man,52849759,90629609854472192,It comes to an end. I got my money in good on a made hand on the turn.  But he had 19 outs on the river and hit one.,2011-07-12T03:52:37.000Z
David Einhorn,@davidein,Business Man,52849759,107806048529813504,"RT @theback9: Bank of America has zero access to capital markets, the only way they can sell debt is in the high yield market and thats  ...",2011-08-28T13:25:39.000Z
David Einhorn,@davidein,Business Man,52849759,218655809415024640,Off to Vegas tonight.  I will be tweeting from the WSOP.  Gonna be fun...I hope.,2012-06-29T10:43:02.000Z
David Einhorn,@davidein,Business Man,52849759,218656658975502336,@feru012 just checked twitter for first time in a year.  You might want to rethink that advice lol.,2012-06-29T10:46:24.000Z
David Einhorn,@davidein,Business Man,52849759,219205990585868288,"http://t.co/omG4eGAy

My seat draw. Happy to be here.  Feeling the love from all the city year corps members #",2012-06-30T23:09:15.000Z
David Einhorn,@davidein,Business Man,52849759,219512008092033026,"On way in red city year cap and jacket. Friend who  goes by ""Chance"" sent cool card protector. CY logo on one side/ my kids on the other!",2012-07-01T19:25:15.000Z
David Einhorn,@davidein,Business Man,52849759,219512318407618563,@droitman,2012-07-01T19:26:29.000Z
David Einhorn,@davidein,Business Man,52849759,219516137447239682,Chiptic is free today to follow. Access it from the main page of http://t.co/iZ2wzPXX,2012-07-01T19:41:40.000Z
David Einhorn,@davidein,Business Man,52849759,219528896322867200,Sitting down after huge staged intro. Probably 10 minutes away. Our table breaks first.,2012-07-01T20:32:22.000Z
David Einhorn,@davidein,Business Man,52849759,219532627101745152,"When I host a charity poker tourney, I make a point of trying to keep the speeches short.  Not here. We are seated. Shuffle up.",2012-07-01T20:47:11.000Z
David Einhorn,@davidein,Business Man,52849759,219563901409427456,First break.  Fun watching everyone else play. I worked my folding muscle. Am up a trivial amount.,2012-07-01T22:51:28.000Z
David Einhorn,@davidein,Business Man,52849759,219585930586107906,Won very nice pot from ELKY on a flopped set.,2012-07-02T00:19:00.000Z
David Einhorn,@davidein,Business Man,52849759,219600999822794753,Second break. About 4.8 mm. Won a second good pot off Gus Hansen.,2012-07-02T01:18:53.000Z
David Einhorn,@davidein,Business Man,52849759,219636611581882368,Dinner break. About $5.6 mm. Running good. Lots of adrenaline. :),2012-07-02T03:40:23.000Z
David Einhorn,@davidein,Business Man,52849759,219687561239592960,New table. 5.1 mm.  1 hour to go.,2012-07-02T07:02:50.000Z
David Einhorn,@davidein,Business Man,52849759,219708086187855872,A bit of a tough hour. 3.8 mm.  Good nite.  Ready for tomorrow.,2012-07-02T08:24:24.000Z
David Einhorn,@davidein,Business Man,52849759,219817371316129794,"@AlexBerenson 

This is right.  I am playing for City Year.",2012-07-02T15:38:39.000Z
David Einhorn,@davidein,Business Man,52849759,219861196994650113,@AlexBerenson   Yes. But I will not send till after tourney.,2012-07-02T18:32:48.000Z
David Einhorn,@davidein,Business Man,52849759,219872505215713281,Game on.  Won a couple small ones right away.,2012-07-02T19:17:44.000Z
David Einhorn,@davidein,Business Man,52849759,219877889456340992,Favorable table draw to be wasted.  We are first to break.,2012-07-02T19:39:08.000Z
David Einhorn,@davidein,Business Man,52849759,219880922487603200,Table break 4.7 mm,2012-07-02T19:51:11.000Z
David Einhorn,@davidein,Business Man,52849759,219886309714558976,New table. Lots of good players. Chipping up 5.4 mm -- both Phil's and Gus. Should be fun.,2012-07-02T20:12:36.000Z
David Einhorn,@davidein,Business Man,52849759,219902607957827585,On break. About $5.3. 26 left. They redraw the tables at 24. Too bad. I like playing these guys.,2012-07-02T21:17:21.000Z
David Einhorn,@davidein,Business Man,52849759,219920261758201857,"Redraw pending.  5.4 mm. 

Having fun!",2012-07-02T22:27:30.000Z
David Einhorn,@davidein,Business Man,52849759,219942403791003648,Very card dead. Whittled down to 4.4 mm at break.,2012-07-02T23:55:30.000Z
David Einhorn,@davidein,Business Man,52849759,219967399233994753,Finally hit a big hand. Doubled up to over $8 mm.,2012-07-03T01:34:49.000Z
David Einhorn,@davidein,Business Man,52849759,219979422952996864,Dinner break. Around $8 mm. A good time for a break.,2012-07-03T02:22:36.000Z
David Einhorn,@davidein,Business Man,52849759,220036316572819456,"Another card dead couple hours. Playing tight. Hanging in at $8 mm. Down to 11 players.   Gonna be awhile to get to 8, I think.",2012-07-03T06:08:40.000Z
David Einhorn,@davidein,Business Man,52849759,220040509417205760,Final table. Ten players. They pay 9.  Up to 9.4 MM,2012-07-03T06:25:20.000Z
David Einhorn,@davidein,Business Man,52849759,220044885380694016,In the money!,2012-07-03T06:42:43.000Z
David Einhorn,@davidein,Business Man,52849759,220045028767170560,Down to 9.  Playing till one more person is out.,2012-07-03T06:43:17.000Z
David Einhorn,@davidein,Business Man,52849759,220049154355888129,Down to 8. Game over...for tonight. 8.5 mm chips.,2012-07-03T06:59:41.000Z
David Einhorn,@davidein,Business Man,52849759,220242608000221184,All set for intros.  No tweeting today...espn will keep everyone posted best. Should be fun.,2012-07-03T19:48:24.000Z
David Einhorn,@davidein,Business Man,52849759,220965770711138304,A few thoughts about the One Drop and WSOP.  First: That was a lot of fun.  Just a great competition and I enjoyed every bit.,2012-07-05T19:41:59.000Z
David Einhorn,@davidein,Business Man,52849759,220965994770862081,Second: Congrats to the winner.  He was the best man on that day.,2012-07-05T19:42:53.000Z
David Einhorn,@davidein,Business Man,52849759,220966286056882177,"Third: I want to thank my coaches: Brandon Adams, Phil Gordon and Mike McDonald.  You improved my game and my thinking.",2012-07-05T19:44:02.000Z
David Einhorn,@davidein,Business Man,52849759,220966519520243713,"Fourth: I want to thank my family, friends and partners for sweating me.  You know who you are.",2012-07-05T19:44:58.000Z
David Einhorn,@davidein,Business Man,52849759,220967194736074754,"Fifth:  I want to thank the various city year corp members for those awesome pictures. You guys are doing the real work in the trenches,",2012-07-05T19:47:39.000Z
David Einhorn,@davidein,Business Man,52849759,220967831729221634,"It was a great experience. But, I am all pokered out.  I have decided to skip the main event.  I look forward to future games.",2012-07-05T19:50:11.000Z
David Einhorn,@davidein,Business Man,52849759,220968273674633216,A final thanks to everyone who cheered me on.  I felt the love.  No surprise: this will likely be my last tweet until next time.,2012-07-05T19:51:56.000Z
David Einhorn,@davidein,Business Man,52849759,283451802014330880,"RT @ChadQuotes: Einhorn (@DavidEin) was getting about 8-to-1 in the big blind there, but his hand was 3-2; The man knows Risk management ...",2012-12-25T05:59:10.000Z
David Einhorn,@davidein,Business Man,52849759,303295961466277889,Apparently I have a twitter impersonator.  @Greenlightcap is not me.  I also have no plans to tweet about stocks.  :).,2013-02-18T00:12:46.000Z
David Einhorn,@davidein,Business Man,52849759,311990515191140352,RT @PhilNoLimits: Hosting poker night for my friend @realmikefox tonight in New York.  Great guy and a great cause. Raised  3m+ in this  ...,2013-03-14T00:01:49.000Z
David Einhorn,@davidein,Business Man,52849759,349708832588566532,Just landed in Vegas.  Ready for summer vacation part 1.  Playing in the one drop high roller starting tomorrow at noon.  üòÉüòÉüòÉüòÉ,2013-06-26T02:00:57.000Z
David Einhorn,@davidein,Business Man,52849759,349709298844184577,For this tourney i'm playing for @Playworks! Positive play + recess = less bullying &amp; improved learning 4 all kids . Play on! #recesscounts,2013-06-26T02:02:48.000Z
David Einhorn,@davidein,Business Man,52849759,349959742711545856,"Signed up and ready.  Table 446, seat 5. (I like seat 5--good for those of us with bad eyes). Game on!",2013-06-26T18:37:59.000Z
David Einhorn,@davidein,Business Man,52849759,349968514393714689,I don't immediately recognize anyone at my table...except Tom Dwan on my immediate left.  122 entrants so far.,2013-06-26T19:12:50.000Z
David Einhorn,@davidein,Business Man,52849759,350005131418402819,"Rough first two hours. Lost one big hand, but I think it a good lay down.   I have about 185k (started with 300).   Long way to go (I hope)",2013-06-26T21:38:20.000Z
David Einhorn,@davidein,Business Man,52849759,350039302761222145,2nd break.  Slow grind down. Not connecting with flops.  170k or so.,2013-06-26T23:54:07.000Z
David Einhorn,@davidein,Business Man,52849759,350046753149554688,Early after the break.  Won a couple nice pots. 270k.,2013-06-27T00:23:44.000Z
David Einhorn,@davidein,Business Man,52849759,350092098529280000,"Phone died and needed recharge.  At dinner break with 451k.  Very good level with several nice pots.  Dinner not bad, either.",2013-06-27T03:23:55.000Z
David Einhorn,@davidein,Business Man,52849759,350129712535834624,"Two more hours.  I spent the time mostly donating chips slowly.  365k.  Table dynamic is improving, though.",2013-06-27T05:53:23.000Z
David Einhorn,@davidein,Business Man,52849759,350168588486844418,All done....for the night.  Big second to last hand.  Ended with 519k.  In the game :),2013-06-27T08:27:51.000Z
David Einhorn,@davidein,Business Man,52849759,350374100390264835,First break.  500k in chips.  Not much happened.  Half the field is now out. My table will break soon.,2013-06-27T22:04:29.000Z
David Einhorn,@davidein,Business Man,52849759,350405838571192320,I kept getting chipped down.  And the same guy showed up with AA twice in a row.  I busted around 70th.   Recess is over.  Back to school!,2013-06-28T00:10:36.000Z
David Einhorn,@davidein,Business Man,52849759,353873758861275138,"Back in Vegas for summer vacation part 2.  Today, I play the Main Event.  Back to history...White Sweatshirt with my kids' good hands.",2013-07-07T13:50:53.000Z
David Einhorn,@davidein,Business Man,52849759,353874192833314816,"I'm playing the main event for the Michael J Fox foundation.  http://t.co/yYFVL2ZI4I. #cure Parkinson's.
5 hours to game time.",2013-07-07T13:52:36.000Z
David Einhorn,@davidein,Business Man,52849759,353944632238944256,I'm good to go.  Table 371.  Such a rush...when patience is the prescription.  Makes it fun.,2013-07-07T18:32:30.000Z
David Einhorn,@davidein,Business Man,52849759,353985010317017088,First break.  All small pots. Started with 30k now at 31.2k.  They play is sooo much faster than one drop. Get many more hands!,2013-07-07T21:12:57.000Z
David Einhorn,@davidein,Business Man,52849759,354020321101221892,2nd break.  Losing an evil amount of small pots.  21k.,2013-07-07T23:33:16.000Z
David Einhorn,@davidein,Business Man,52849759,354056610051653634,Dinner break. AA on the button....won me the blinds.  I have yet to be in a good situation.  18k.  Time to eat.,2013-07-08T01:57:28.000Z
David Einhorn,@davidein,Business Man,52849759,354105358437978112,Clawed my way back to 27k.  Only to go out on a turned flush over flush.  Really ugly tourney.  Ugh.,2013-07-08T05:11:11.000Z
David Einhorn,@davidein,Business Man,52849759,389131542226030592,At @einhornscookies debut NY comic-con.  Epically delicious.  How big things get started! http://t.co/GjXnOUYyvY,2013-10-12T20:52:44.000Z
David Einhorn,@davidein,Business Man,52849759,469607469937721348,Proud to celebrate those who #makebetterhappen @CityYear 25th! #cy25th http://t.co/Npl9sGMP4Z,2014-05-22T22:35:20.000Z
David Einhorn,@davidein,Business Man,52849759,479975809587740673,9 Days till #BigOneforOneDrop. This year I'm playing to fight poverty  for @RobinHoodNYC.  Looks like an impossible field.  Can't wait @WSOP,2014-06-20T13:15:25.000Z
David Einhorn,@davidein,Business Man,52849759,483334015672270849,Half an hour to go!  Got sunglasses in @RobinHoodNYC colors.  All good to go.  Table draws coming up soon @wsop http://t.co/3NDKkpNTpk,2014-06-29T19:39:43.000Z
David Einhorn,@davidein,Business Man,52849759,483354502355902464,They finally drew tables.  Old times: I have Sam Trickett on my right. Vanessa Selbst next to him. Fun stuff.  We may start soon.  :),2014-06-29T21:01:08.000Z
David Einhorn,@davidein,Business Man,52849759,483373857781211137,Ok. That didn't go well. First one out.  Couldn't make it an hour.   Tough hand.   ...  Try again at the main event. :(,2014-06-29T22:18:03.000Z
David Einhorn,@davidein,Business Man,52849759,483374691424276480,Hand details:  with JJ in the small blind I reraised Trickett. Flop was j-6-2 rainbow. I bet he called. Turn was a 3. I bet he raised.,2014-06-29T22:21:21.000Z
David Einhorn,@davidein,Business Man,52849759,483375288940646401,"I reraised he called. River was a Q, I bet.  He shoved (not much more). I called and lost to 4-5.  Fun game.",2014-06-29T22:23:44.000Z
David Einhorn,@davidein,Business Man,52849759,483736391788929025,"@rolandoflondon I remember our play.  I needed your sense of humor, yesterday.  Rebuy?  You didn't even buy once üòÉ",2014-06-30T22:18:37.000Z
David Einhorn,@davidein,Business Man,52849759,484033335098757120,@skiki13 75k into a 114k pot.,2014-07-01T17:58:34.000Z
David Einhorn,@davidein,Business Man,52849759,484145234880634882,@skiki13 He was probably floating and hoping to push me off AK or AQ on most turns.,2014-07-02T01:23:13.000Z
David Einhorn,@davidein,Business Man,52849759,485788764803833857,"After the One Drop left me feeling like Teddy KGB (I feel so unsatisfied)
http://t.co/w6PQrw4pc0, today I plan to last &gt; 1 hr.",2014-07-06T14:14:01.000Z
David Einhorn,@davidein,Business Man,52849759,485897003474223104,I've made it twice as far as in One Drop. Mission accomplished!  I'm practicing my folding muscle. Just below starting 30k,2014-07-06T21:24:07.000Z
David Einhorn,@davidein,Business Man,52849759,485932377252720640,I'm a straight magnet.  My QQ ran into a 2-3-4 flop.  Opp had a-5.  I held my loss to 12k. 2nd break 18k left. I'm improving!,2014-07-06T23:44:41.000Z
David Einhorn,@davidein,Business Man,52849759,485967612401049601,"Flopped a set and got paid. 33k at dinner. Just Broke our table again. Too bad, I loved the second table.  New table feels very tough.",2014-07-07T02:04:42.000Z
David Einhorn,@davidein,Business Man,52849759,486020674972958720,End of level 4.  Grinding higher. 45k,2014-07-07T05:35:33.000Z
David Einhorn,@davidein,Business Man,52849759,486055710304661505,"All done for the night. Very slow level. I end with 42,900.   Sleepy time.  We continue Tuesday.",2014-07-07T07:54:46.000Z
David Einhorn,@davidein,Business Man,52849759,486618959802667008,Very tough level.  Did WELL to contain damage down to 14k b4 doubling up as  JJ held v AK. 31k.,2014-07-08T21:12:55.000Z
David Einhorn,@davidein,Business Man,52849759,486633628479131649,KK doubles me up again vs QJ after a J flopped.  72k. Feeling happy to be here.,2014-07-08T22:11:12.000Z
David Einhorn,@davidein,Business Man,52849759,486655197968486401,A couple absurd hands where I could have lost even more brought me down to 49k at end of level 7.,2014-07-08T23:36:55.000Z
David Einhorn,@davidein,Business Man,52849759,486691446305456128,Getting ground down. 31k at the dinner break. Third table for me.,2014-07-09T02:00:57.000Z
David Einhorn,@davidein,Business Man,52849759,486744676146216960,End of a good level. J8 in big blind doubled up vs AK button. On A88 flop. Then I finally hit a draw.  91k,2014-07-09T05:32:28.000Z
David Einhorn,@davidein,Business Man,52849759,486777686811889665,"I don't think I played great, but I would up with 99,700.  Day 3 for me is Thursday.  Gotta be pleased to still be here. G'nite.",2014-07-09T07:43:39.000Z
David Einhorn,@davidein,Business Man,52849759,487341688952614912,First break.  No good cards that level and villain made trip 3s on the river with 7-3.  73k.  Staying patient.,2014-07-10T21:04:47.000Z
David Einhorn,@davidein,Business Man,52849759,487377279224262656,Grind grind grind. 84k..fold fold fold fold fold.  You get the idea.  Second break,2014-07-10T23:26:13.000Z
David Einhorn,@davidein,Business Man,52849759,487391272621977600,Slow played my KK and doubled up. 147k. :),2014-07-11T00:21:49.000Z
David Einhorn,@davidein,Business Man,52849759,487413737800753152,165k.  Dinner break.,2014-07-11T01:51:05.000Z
David Einhorn,@davidein,Business Man,52849759,487464612489482241,"After running up to 225k, i lose with QQ and AA in the same orbit. 145k at the last break.",2014-07-11T05:13:14.000Z
David Einhorn,@davidein,Business Man,52849759,487487045850263553,"Done early for the night.  Volatile level.  All is well that ends well 174,500.  Back for more in the morning.",2014-07-11T06:42:23.000Z
David Einhorn,@davidein,Business Man,52849759,487688467908788224,At first break.  Bad job flopping.  Down to 95k.,2014-07-11T20:02:46.000Z
David Einhorn,@davidein,Business Man,52849759,487709505866563584,We are in the money.  @RobinHoodNYC gets whatever I win to fight poverty in New York!  Time to be a short stack warrior!,2014-07-11T21:26:22.000Z
David Einhorn,@davidein,Business Man,52849759,487734217850093568,At the break.   I got short and doubled up.  Leaves me at 95k.,2014-07-11T23:04:33.000Z
David Einhorn,@davidein,Business Man,52849759,487740258113441793,Another double up.  This time very lucky as AJ beats AQ. Almost 200k.,2014-07-11T23:28:33.000Z
David Einhorn,@davidein,Business Man,52849759,487770728935071744,Dinner break.  I chipped up to 220k http://t.co/X6hXkyu2lI,2014-07-12T01:29:38.000Z
David Einhorn,@davidein,Business Man,52849759,487811216698380288,"One hand after I lay down 99 to an all in, I double up with AA over KK. 260k",2014-07-12T04:10:31.000Z
David Einhorn,@davidein,Business Man,52849759,487821414599114753,Doubled again. Set of 6s cracks JJ.  500k. :),2014-07-12T04:51:03.000Z
David Einhorn,@davidein,Business Man,52849759,487858268405260288,My flirtation with an averagish stack was short lived.  I bag 284k and return tomorrow to continue my role as short stack warrior!,2014-07-12T07:17:29.000Z
David Einhorn,@davidein,Business Man,52849759,488052253748510720,Good afternoon. a-10 suited flushes to crack KK and I double up. 510k.  Short stack warrior! @RobinHoodNYC,2014-07-12T20:08:19.000Z
David Einhorn,@davidein,Business Man,52849759,488067861085052928,First break.  530k.   Watching paint dry.,2014-07-12T21:10:20.000Z
David Einhorn,@davidein,Business Man,52849759,488080608111767553,Ok. Get this?  I call 300k with QQ to run into KK.  The board comes a2345 and we split the pot. Running good #shortstackwarrior,2014-07-12T22:00:59.000Z
David Einhorn,@davidein,Business Man,52849759,488104674222800898,Chipping up.  Nice cards. 685k at second break. Less than 200 people left.  #shortstackwarrior,2014-07-12T23:36:37.000Z
David Einhorn,@davidein,Business Man,52849759,488117698224611331,"Sadly all done.  AJ vs AQ and I couldn't find another miracle.  Lots of fun and no TeddyKGB regrets.  173rd place 44,728 for @RobinHoodNYC",2014-07-13T00:28:22.000Z
David Einhorn,@davidein,Business Man,52849759,606268349052534784,Every kid deserves a school powered by play because #PlayWorks. Thanks @Playworks for the great night!,2015-06-04T01:16:52.000Z
David Einhorn,@davidein,Business Man,52849759,614627983383396352,Poker season!  Playing for @FacingHistory @WSOP. One Drop starts Sun.  Helping kids be #Upstanders &amp; to stop hate http://t.co/gr5nfiFjFl,2015-06-27T02:55:05.000Z
David Einhorn,@davidein,Business Man,52849759,615257079142428672,Ready to go! @FacingHistory @WSOP to support #FacingHistory http://t.co/gr5nfiFjFl. We start in moments. http://t.co/xa82iCMnYe,2015-06-28T20:34:53.000Z
David Einhorn,@davidein,Business Man,52849759,615298913889681408,First break. Nothing exciting. Started with 300k. I have about 308k.  Table seems fine. People are quiet.,2015-06-28T23:21:07.000Z
David Einhorn,@davidein,Business Man,52849759,615306571044642816,"After a long period of card dead, I lost 1/3 of chips against a turned gutshot straight held by 5-4suited.  Well, better than last time. Ugh",2015-06-28T23:51:33.000Z
David Einhorn,@davidein,Business Man,52849759,615355086898728960,"Grounded down to 85k, doubled with AKo vs AQs, chipped up.  295k at the dinner break. Happy to be back in the game.",2015-06-29T03:04:20.000Z
David Einhorn,@davidein,Business Man,52849759,615405310241476608,4th break. 375k.  The highlight was all in with AK vs AK.  We spilt the pot and divided the blinds and antes!!  Cost of poker is going up.,2015-06-29T06:23:54.000Z
David Einhorn,@davidein,Business Man,52849759,615419390654177280,My a9 cracked a very good player's KK and busted him.  Lucky me. 650k.  Half the field is gone.,2015-06-29T07:19:51.000Z
David Einhorn,@davidein,Business Man,52849759,615422412218195968,Just when it looked fun. aQ on a q-10-5 flop. Ran into q-10.  Arghh.  Try again at the main event. A fun day.,2015-06-29T07:31:51.000Z
David Einhorn,@davidein,Business Man,52849759,618495123714781184,Time to start the main event.  I hope to give the opponents some History to Face!  Shuffling up and dealing soon.,2015-07-07T19:01:43.000Z
David Einhorn,@davidein,Business Man,52849759,618529018330021888,First break.  33k.  A fine table.  Made a tight fold.  I will never know if that was right.  k9 on a KkJxx board. Hmmm,2015-07-07T21:16:24.000Z
David Einhorn,@davidein,Business Man,52849759,618564788877070336,Nice level. No setbacks. Won a nice pot on last hand of level j-10 vs 10-8 on a j98xx board. 47k,2015-07-07T23:38:32.000Z
David Einhorn,@davidein,Business Man,52849759,618600354138210304,Didn't win a pot for 90 minutes. Went down to 30k.  Then hit two flops. 53k at the dinner break.,2015-07-08T01:59:52.000Z
David Einhorn,@davidein,Business Man,52849759,618653830054424578,Lost 15k to a set of fours...and an hour later won a little more with my own set of fours. Win some - lose some.  $57k,2015-07-08T05:32:21.000Z
David Einhorn,@davidein,Business Man,52849759,618677908895240192,Wow.  Busto meltdown. AJs with flop K10-9 with my flush draw into KK. No help.  Shortly later and short stacked A10 in JJ. Ugh. Next year.,2015-07-08T07:08:02.000Z
David Einhorn,@davidein,Business Man,52849759,642468387046727680,Join @StartEmpathy celebrating young #changemakers w/ @think_it_up on tv tonight 8/7c! http://t.co/hdXPM3HYk6 #StartEmpathy @EinhornTrust,2015-09-11T22:42:54.000Z
David Einhorn,@davidein,Business Man,52849759,642486757817221120,http://t.co/YbFkw7Xpwp,2015-09-11T23:55:54.000Z
David Einhorn,@davidein,Business Man,52849759,728633444704473091,RT @EinhornTrust: Our ED @jennrothberg demonstrating how trusting relationships drive impact https://t.co/CfBsvBrkx6,2016-05-06T17:12:05.000Z
David Einhorn,@davidein,Business Man,52849759,736680501847674880,I am about to land in Vegas for an early start to poker season. Super excited to play in the super highroller bowl starting Sunday #SHRBowl,2016-05-28T22:08:13.000Z
David Einhorn,@davidein,Business Man,52849759,736680607359631360,"I'm playing for @WelcomingUSA working to build #inclusive communities for everyone, including immigrants &amp; refugees. #WelcomingCity #SHRBowl",2016-05-28T22:08:38.000Z
David Einhorn,@davidein,Business Man,52849759,737012102397726720,Dressed and ready.  1 pm seems to be Morrow a suggestion. https://t.co/1qbqB7QLkT,2016-05-29T20:05:52.000Z
David Einhorn,@davidein,Business Man,52849759,737031422511194112,1 level in and I'm right where I started. At least table play is pretty quick.,2016-05-29T21:22:39.000Z
David Einhorn,@davidein,Business Man,52849759,737054271397494784,Level 2.  Very dead. Lost the one flop I hit hard. I'm at 220k vs 300k to start.,2016-05-29T22:53:26.000Z
David Einhorn,@davidein,Business Man,52849759,737077720308318209,Third break 165k.  Time to reverse the trend.  And time to stop running in straights,2016-05-30T00:26:37.000Z
David Einhorn,@davidein,Business Man,52849759,737098011671564288,Pretty good round....till the last hand where I busted.  KK vs 87o.  Flop j8x all diamonds. We both have a diamond. Turn 8!,2016-05-30T01:47:15.000Z
David Einhorn,@davidein,Business Man,52849759,745048251401895937,Look who is having dinner in Rye. https://t.co/NTwd7ZiHfq,2016-06-21T00:18:40.000Z
David Einhorn,@davidein,Business Man,52849759,751484008198860800,Second chance for poker. Playing in the one drop for @WelcomingUSA.  It's a great time to support our immigrants. I will tweet chip updates.,2016-07-08T18:32:04.000Z
David Einhorn,@davidein,Business Man,52849759,751540687166771202,"First break. Started with 500k, now just over 600k. Just moved tables.  Frying pan to fire.",2016-07-08T22:17:17.000Z
David Einhorn,@davidein,Business Man,52849759,751575778085654528,Second break. 700k.  Some fun hands.  Having fun.,2016-07-09T00:36:43.000Z
David Einhorn,@davidein,Business Man,52849759,751611199163240448,Couldn't hit a thing.  Did great to reach dinner at 630,2016-07-09T02:57:28.000Z
David Einhorn,@davidein,Business Man,52849759,751656893764898816,Card dead...except a set of aces. 4th break. 575j,2016-07-09T05:59:03.000Z
David Einhorn,@davidein,Business Man,52849759,751690449505492992,Done for the night.  Played nicely.  Happy and tired.  1.1 million üòÑüòÑ,2016-07-09T08:12:23.000Z
David Einhorn,@davidein,Business Man,52849759,751915938530811904,Icky round.  Chip and a chair. 550k.  Blinds getting big.  Time to go big üòÑ,2016-07-09T23:08:24.000Z
David Einhorn,@davidein,Business Man,52849759,751944447437316097,Doubled up!  a-10s beats KQ. 1.3mm üòÑ. About 50 left,2016-07-10T01:01:41.000Z
David Einhorn,@davidein,Business Man,52849759,751948740227837952,1430000 at the second break.  Not exactly able to exhale.  But quite alive.,2016-07-10T01:18:44.000Z
David Einhorn,@davidein,Business Man,52849759,751963958383226880,Oh my.  I busted.  My KQ ran into 77 on a k-10-7 flop.   Try the main event on Monday.  Too bad. Played well vs great players.,2016-07-10T02:19:13.000Z
David Einhorn,@davidein,Business Man,52849759,752565003178303488,Game time.  Starting equipment!  Ready for fun. @WelcomingUSA https://t.co/yKnZRI424t,2016-07-11T18:07:33.000Z
David Einhorn,@davidein,Business Man,52849759,752596631216754688,First break. Cards meh. Bracelet winner on my left.  49k.  Long ways to go.,2016-07-11T20:13:14.000Z
David Einhorn,@davidein,Business Man,52849759,752626198459457536,"Down to 44k, I made a move doomed to fail, then sucked out on the river. 63k",2016-07-11T22:10:43.000Z
David Einhorn,@davidein,Business Man,52849759,752634708639358977,Second break. 64k.,2016-07-11T22:44:32.000Z
David Einhorn,@davidein,Business Man,52849759,752671629759483904,Last hand b din.  I raise 800 from cut off with 10-8d Raiseto 2200. I call. Flop 972 flush draw. Get it all in vs 97. Turn 2 River 10 105k,2016-07-12T01:11:15.000Z
David Einhorn,@davidein,Business Man,52849759,752672015023087618,To clarify: villain was all in. I had 25k more. üòÑüòÑüòÑ,2016-07-12T01:12:47.000Z
David Einhorn,@davidein,Business Man,52849759,752712657807896576,I hero folded A‚ô¶Ô∏èK‚ô¶Ô∏è after 3 betting 3500. Followed by a 4 bet 10500 from A‚ô£Ô∏èK‚ô£Ô∏è and a 5 bet from A‚ô•Ô∏èA‚ô†Ô∏è. Running well and playing well 118k,2016-07-12T03:54:17.000Z
David Einhorn,@davidein,Business Man,52849759,752724869943439361,End of level 4. 110k. Like my new table.,2016-07-12T04:42:48.000Z
David Einhorn,@davidein,Business Man,52849759,752739088625573888,Hit a flush and busted a short stack who had pocket aces. 145k,2016-07-12T05:39:18.000Z
David Einhorn,@davidein,Business Man,52849759,752753122410242048,Just folded J‚ô•Ô∏èJ‚ô¶Ô∏èafter getting 3b by AA and 4 bet by KK.  Lost just 1300. 158k with 20 min to go,2016-07-12T06:35:04.000Z
David Einhorn,@davidein,Business Man,52849759,752760277284761600,"Paid off QQ vs my ak.  All done. 128,400.  Good night. Back on Wednesday üòÑüòÑ",2016-07-12T07:03:30.000Z
David Einhorn,@davidein,Business Man,52849759,753320954021892096,No cards.  Patience.  114k.  First break.,2016-07-13T20:11:26.000Z
David Einhorn,@davidein,Business Man,52849759,753358016825536512,"Went almost the whole level without winning a pot post flop. Zero cards, zero flops. 86500.  Hanging and waiting.",2016-07-13T22:38:42.000Z
David Einhorn,@davidein,Business Man,52849759,753393569742721025,"Crazy round.  I went down to 25k. As the deck remained icy.  Then it turned my way.  And when it turned, it really turned. 170k dinner",2016-07-14T00:59:59.000Z
David Einhorn,@davidein,Business Man,52849759,753440089166917632,"I flop top set of jacks. The turn is an A.  It get in and I double someone up, when he has AA.",2016-07-14T04:04:50.000Z
David Einhorn,@davidein,Business Man,52849759,753440318381445120,5 hands later flop a set of 9s from the blinds and pay off runner runner flush. 48k,2016-07-14T04:05:44.000Z
David Einhorn,@davidein,Business Man,52849759,753445280205332480,At the break 45k,2016-07-14T04:25:27.000Z
David Einhorn,@davidein,Business Man,52849759,753480978870304768,Nice solid level.  85k. We will play 1 more hour tonight.,2016-07-14T06:47:19.000Z
David Einhorn,@davidein,Business Man,52849759,753501442581737473,All done. 114k.  Try some more starting noon.,2016-07-14T08:08:37.000Z
David Einhorn,@davidein,Business Man,52849759,753685010863960064,All In with JJ vs QQ. A jack flops! I double up. Living on a borrowed life 170k,2016-07-14T20:18:04.000Z
David Einhorn,@davidein,Business Man,52849759,753692636398006272,Extra life is shortish. On fumes. AQ loses to Q7s on an A flop against an eventual flush. 12k.  Time to make a move üò©,2016-07-14T20:48:22.000Z
David Einhorn,@davidein,Business Man,52849759,753696875178364928,Out of fumes and out of chips. The fun ends. Time to go home. üò≠,2016-07-14T21:05:12.000Z
David Einhorn,@davidein,Business Man,52849759,789421394165534720,Thank you @FacingHistoryNY for such a great night and for helping students become upstanders https://t.co/gsBZYRc7HQ,2016-10-21T11:01:41.000Z
David Einhorn,@davidein,Business Man,52849759,827404055530008576,@MaraJams    Thank You!  They are. Call my office 212 973 1900 and we will retrieve them.,2017-02-03T06:31:13.000Z
David Einhorn,@davidein,Business Man,52849759,835281863145041921,RT @EinhornTrust: Thanks @LeapofReason! https://t.co/1mH8bJPPBz,2017-02-25T00:14:49.000Z
David Einhorn,@davidein,Business Man,52849759,846763080029818884,"@nofalsehoodsplz you don't need to.  You get 1 div share for every share you own.  If you just hold both, you'd be in the same place.",2017-03-28T16:37:05.000Z
David Einhorn,@davidein,Business Man,52849759,868565571943620608,Poker time! Every day @cityyear shows up for kids &amp; helps them succeed. I'm Competing in #SHRBowl to help more students &amp; schools. Game on!,2017-05-27T20:32:24.000Z
David Einhorn,@davidein,Business Man,52849759,868566303384064000,#SHRBowl   Starts tomorrow afternoon.  Bringing back my red jacket #cityyear. !!,2017-05-27T20:35:18.000Z
David Einhorn,@davidein,Business Man,52849759,868923329561870336,Starting now.  #SHRBowl    Let's have a good game and win some for #cityyear https://t.co/xPRWb3krAe,2017-05-28T20:14:00.000Z
David Einhorn,@davidein,Business Man,52849759,868941784155541504,First break.  Played very few hands. One well took me to 330K...1 bad flop and back to 305k.  Started at 300k.  Early going,2017-05-28T21:27:20.000Z
David Einhorn,@davidein,Business Man,52849759,868963775017238528,"Second break.  Lost a hand, won. Hand. 301k.  Playing tight. #SHRBowl",2017-05-28T22:54:43.000Z
David Einhorn,@davidein,Business Man,52849759,868989743169626112,3rd break.  Finally won a good pot on the last hand of the level.  $345k,2017-05-29T00:37:54.000Z
David Einhorn,@davidein,Business Man,52849759,869009752990269440,"Nice level.  Won a few good hands. Good image, playing well. 430k",2017-05-29T01:57:25.000Z
David Einhorn,@davidein,Business Man,52849759,869034615612112896,Chipped down. But limited the damage. Still playing well.  Would be nice to hit a hand.  Didn't happen that level. 365k after 5 levels,2017-05-29T03:36:12.000Z
David Einhorn,@davidein,Business Man,52849759,869059016386793472,End of level 6. Won a decent pot against the star.  386 K.  One more to go tonight.,2017-05-29T05:13:10.000Z
David Einhorn,@davidein,Business Man,52849759,869083095315529728,After getting ground down....good cards and missing missing missing. I finally turn a flush on second last hand and win vs a set. 483k nite!,2017-05-29T06:48:51.000Z
David Einhorn,@davidein,Business Man,52849759,869220592532180992,Proud to partner with @cityyear to help students get along better and reach for their dreams. Playing for them today at #SHRBowl on Day 2,2017-05-29T15:55:13.000Z
David Einhorn,@davidein,Business Man,52849759,869282441550114816,Just about to start day 2.  I'm on the TV table.  30 minute delay.  So broadcast starts in half and hour #cityyear #SHRBowl #me-vs.-talent,2017-05-29T20:00:59.000Z
David Einhorn,@davidein,Business Man,52849759,869306005938503681,1st break. 400k.  Nothing good,2017-05-29T21:34:37.000Z
David Einhorn,@davidein,Business Man,52849759,869325106203336704,Great level.   Cards cards cards!!! And a bluff.  And a plug for my daughter!  And a bigger plug for #cityyear.  630k!!! üòÑ,2017-05-29T22:50:31.000Z
David Einhorn,@davidein,Business Man,52849759,869348818524880896,Good level. Still getting some cards...unlike yesterday.  Lost a couple small flips.  But overall good spot. 710k,2017-05-30T00:24:44.000Z
David Einhorn,@davidein,Business Man,52849759,869371329568428033,Running strong.  Next break 830k!!!,2017-05-30T01:54:11.000Z
David Einhorn,@davidein,Business Man,52849759,869393309420081152,Next level 959k.  Running good. Having fun,2017-05-30T03:21:32.000Z
David Einhorn,@davidein,Business Man,52849759,869418562653364224,"End of level 13.  Some ups and downs and more chips at risk than before. 1,025,000.  table got tougher.  1 level to go tonight.",2017-05-30T05:01:53.000Z
David Einhorn,@davidein,Business Man,52849759,869440847112052736,A brutal level. I kept getting AK and it didn't turn out well.  Finished with 685k.  Plenty of chips to compete for #cityyear tomorrow,2017-05-30T06:30:26.000Z
David Einhorn,@davidein,Business Man,52849759,869645072874094592,@realcharder30 Day 3.  Starting 685k which is 10 out of remaining 19 players.  Not at the tv table so you all can concentrate on your day jobs üòÑ.,2017-05-30T20:01:57.000Z
David Einhorn,@davidein,Business Man,52849759,869645754020765696,Day 3 starting. 685k which is 10th out of 19.  No TV table to start so you can all concentrate on your day jobs üòÑüòÑ.  #cityyear,2017-05-30T20:04:39.000Z
David Einhorn,@davidein,Business Man,52849759,869664569857146880,Lost a number of small pots. Bad cards no flops....until flopping bottom set and doubling up 900k. level 15 ending,2017-05-30T21:19:25.000Z
David Einhorn,@davidein,Business Man,52849759,869671477292838912,We are down to 14.  Two tables. I'm moving to the TV table.  925k still,2017-05-30T21:46:52.000Z
David Einhorn,@davidein,Business Man,52849759,869687198781652994,"I got all my chips in very good. But, back luck hit.  That was a good tourney.  Sorry to go. #SHRBowl #cityyear",2017-05-30T22:49:20.000Z
David Einhorn,@davidein,Business Man,52849759,884414982015770624,"#wsop today! I'm playing for @WelcomingUSA working to build #inclusive communities for all, including immigrants &amp; refugees. #WelcomingCity",2017-07-10T14:12:18.000Z
David Einhorn,@davidein,Business Man,52849759,884505492734656514,First break lost a tough hand with aK vs Aq on AxxxQ board. 38k,2017-07-10T20:11:57.000Z
David Einhorn,@davidein,Business Man,52849759,884540295576117248,Went down to 21k after being bluffed and then turning 2 PR vs a set. Came back turning a set of my own. 33k. 2nd break.,2017-07-10T22:30:15.000Z
David Einhorn,@davidein,Business Man,52849759,884561331151437824,"Well nothing went right today. Lost a lot with aK on a K368q board to k3.  Then 3 bet jammed with qQ got called by 99, who hit a set. Ugh",2017-07-10T23:53:50.000Z
David Einhorn,@davidein,Business Man,52849759,884578014448672770,"@Joebtracy Yes. When you jam and lose, you go look for dinner and think about the offseason.",2017-07-11T01:00:07.000Z
David Einhorn,@davidein,Business Man,52849759,903983068595326976,"@tradenator I don't tweet about the market.  Thx for the nice note, though",2017-09-02T14:08:53.000Z
David Einhorn,@davidein,Business Man,52849759,988550385773240320,@cate_long    I don‚Äôt. üòÑ,2018-04-23T22:49:13.000Z
David Einhorn,@davidein,Business Man,52849759,1027906040283713537,I want to thank @elonmusk for the shorts. He is a man of his word!  They did come with some manufacturing defects. #tesla https://t.co/qsYfO8cbkp,2018-08-10T13:14:32.000Z
David Einhorn,@davidein,Business Man,52849759,1164891880640983040,"If @Tesla wants to save the human species, it should pay more attention to the
safety of its own customers. You shouldn‚Äôt have to be Walmart to have your
dangerous solar panels fixed. @Elonmusk",2019-08-23T13:27:21.000Z
David Einhorn,@davidein,Business Man,52849759,1164891881408475136,"How many solar panels are still defective and could cause fires? @Tesla should
immediately notify the people who live in and work in buildings at risk. Secret
Project Titan is over the line. A recall should have happened long ago @USCPSC.
 @Elonmusk should resign.",2019-08-23T13:27:21.000Z
David Einhorn,@davidein,Business Man,52849759,1192886029067472898,@elonmusk @zerohedge @elonmusk #Tesla  #TSLA @zerohedge https://t.co/DrMk9SWjlf,2019-11-08T19:26:06.000Z
David Einhorn,@davidein,Business Man,52849759,1197946980095397888,"Dear @elonmusk, Silence. https://t.co/7mzud757ZM",2019-11-22T18:36:31.000Z
David Einhorn,@davidein,Business Man,52849759,1205882406236049409,"Congrats Heather and Adam!!!
Podcast Playlist: iHeartMedia Orders Slate of YA Projects From Einhorn's Epic Productions https://t.co/fqypWHUIQ1",2019-12-14T16:09:04.000Z
David Einhorn,@davidein,Business Man,52849759,1255862005535322112,"Dear @elonmusk @TSLA, More Boring Bonehead Questions https://t.co/yohjj7FQfj",2020-04-30T14:10:09.000Z
David Einhorn,@davidein,Business Man,52849759,1260635193637056513,Nobody expresses it better than Joan McCullough.  $TSLA @elonmusk https://t.co/cprfZCglTZ,2020-05-13T18:17:06.000Z
David Einhorn,@davidein,Business Man,52849759,1260638822024515586,Trying again...larger üòÄ.  part 1/3 $TSLA #ElonMusk https://t.co/0O94BFJTlz,2020-05-13T18:31:31.000Z
David Einhorn,@davidein,Business Man,52849759,1260639013809131520,Trying again larger üòÄ Part 2/3 $TSLA #ElonMusk https://t.co/Y8eEkctCca,2020-05-13T18:32:17.000Z
David Einhorn,@davidein,Business Man,52849759,1260639318177189890,"Trying again larger.  3/3 $TSLA #ElonMusk 

Nobody expresses it better than Joan McCullough https://t.co/CeTUdlCbYC",2020-05-13T18:33:29.000Z
David Einhorn,@davidein,Business Man,52849759,1310249065108705283,"I‚Äôm proud to share this update on my foundation. We‚Äôre working to address polarization, loneliness, bigotry, and the lack of cooperation that prevents our country from tackling our biggest problems effectively and collaboratively  https://t.co/p5qlfA0Yxc https://t.co/C89BuJkDaK",2020-09-27T16:04:55.000Z
David Einhorn,@davidein,Business Man,52849759,1383537906078212100,RT @kylascan: What‚Äôs going on with $HWIN? ü•™ https://t.co/Enb7cznLzz,2021-04-17T21:48:36.000Z
David Einhorn,@davidein,Business Man,52849759,1395751453189410816,"This is how @sprucepointcap quoted me on Danimer Scientific (DNMR)‚Ä¶

Taking me out of context like this proves my point. $DNMR #QuoteCrime https://t.co/fiDWW4wyD0",2021-05-21T14:40:52.000Z
David Einhorn,@davidein,Business Man,52849759,1486454214742233091,RT @ecornell_online: Join us 01/27 @ 6PM ET for a conversation with renowned investor &amp; philanthropist @davidein! Hosted by @CornellMBA's A‚Ä¶,2022-01-26T21:41:16.000Z
David Einhorn,@davidein,Business Man,52849759,1507310665341587456,I'm excited to see this release. It‚Äôs time for a national conversation about social connection. We must bridge our divides &amp; find ways to work better together. It‚Äôs time for a #CallToConnection. I hope you‚Äôll join me. Learn more here: https://t.co/dtJs5Xib6O,2022-03-25T10:57:21.000Z
