669111829205938177,2015-11-24T11:14:26.000Z,15506669,@JeffBezos,Jeff Bezos,Business Man,"The rarest of beasts - a used rocket. Controlled landing not easy, but done right, can look easy. Check out video: https://t.co/9OypFoxZk3"
671461815210139648,2015-11-30T22:52:26.000Z,15506669,@JeffBezos,Jeff Bezos,Business Man,"Breakthrough Energy Coalition. When in a box, only way out is to invent your way out. Thx to @BillGates for pulling this together."
672453111395422208,2015-12-03T16:31:29.000Z,15506669,@JeffBezos,Jeff Bezos,Business Man,What 400 very happy rocket scientists look like. https://t.co/FwrZHuB8RD
674008204838199297,2015-12-07T23:30:53.000Z,15506669,@JeffBezos,Jeff Bezos,Business Man,Finally trashed by @realDonaldTrump. Will still reserve him a seat on the Blue Origin rocket. #sendDonaldtospace https://t.co/9OypFoxZk3
679116636310360067,2015-12-22T01:49:58.000Z,15506669,@JeffBezos,Jeff Bezos,Business Man,Congrats @SpaceX on landing Falcon's suborbital booster stage.  Welcome to the club!
686991579546923008,2016-01-12T19:22:10.000Z,15506669,@JeffBezos,Jeff Bezos,Business Man,"Grail: Risky, but if works, big breakthrough in broad spectrum EARLY cancer detection. Brilliant scientists. https://t.co/CmGslKGLOV"
688417513340678144,2016-01-16T17:48:20.000Z,15506669,@JeffBezos,Jeff Bezos,Business Man,Is Yegi on the plane? #JasonIsFree
688732263995973632,2016-01-17T14:39:02.000Z,15506669,@JeffBezos,Jeff Bezos,Business Man,"Wheels up and out of Iranian airspace! Jason, Yegi, and Mary aboard. Doug Jehl and Ali Rezaian worked tirelessly on this. #JasonIsFree"
688732394442997760,2016-01-17T14:39:33.000Z,15506669,@JeffBezos,Jeff Bezos,Business Man,"Believe me, if you‚Äôre ever tossed in a foreign prison, you want Fred Ryan and Marty Baron on the team working to get you out. #JasonIsFree"
688815223558410240,2016-01-17T20:08:41.000Z,15506669,@JeffBezos,Jeff Bezos,Business Man,Impressive launch and @SpaceX will soon make Falcon 9 landings routine ‚Äì so good for space! Kudos SpaceX!
690731500812169217,2016-01-23T03:03:17.000Z,15506669,@JeffBezos,Jeff Bezos,Business Man,Can a used rocket fly? Video + a few technical details at https://t.co/8JUKBLg8fi  https://t.co/JWpi3yGDWq
694984360173277184,2016-02-03T20:42:38.000Z,15506669,@JeffBezos,Jeff Bezos,Business Man,"Nice. Blue Origin team just nominated for time-honored aviation award, the Collier Trophy! All the nominees here: https://t.co/PvGu1PI9TW"
697525483768934400,2016-02-10T21:00:09.000Z,15506669,@JeffBezos,Jeff Bezos,Business Man,"Mr. Prime Minister @matteorenzi, we are so proud of Diego. Great for Italy. Kudos to all! https://t.co/Mk0jcTZ2gT"
697850927701594112,2016-02-11T18:33:21.000Z,15506669,@JeffBezos,Jeff Bezos,Business Man,"Hope, somewhere in space-time, Einstein is seeing this. https://t.co/6EMJgffrIs #LIGO"
702598104755777536,2016-02-24T20:56:56.000Z,15506669,@JeffBezos,Jeff Bezos,Business Man,"Marty's piece today is so inspiring. Thank you, @PostBaron! #BadAssReporting https://t.co/pVkjdXm97y"
709569062167183362,2016-03-15T02:37:02.000Z,15506669,@JeffBezos,Jeff Bezos,Business Man,James Hamilton‚Äôs retrospective on 10 years of AWS is excellent: https://t.co/NL8GFMjvdz Kudos and congrats to the whole team!
714933790628446208,2016-03-29T21:54:33.000Z,15506669,@JeffBezos,Jeff Bezos,Business Man,"OK, this is the most hilarious Echo video yet: https://t.co/H6QJ28UYec"
715695474762600448,2016-04-01T00:21:12.000Z,15506669,@JeffBezos,Jeff Bezos,Business Man,Got a little help from Amazon Robotics on stage today at our All-Hands in Seattle   https://t.co/8Ies2thPmr
715984864323842049,2016-04-01T19:31:08.000Z,15506669,@JeffBezos,Jeff Bezos,Business Man,Working to fly again tomorrow. Same vehicle. Third time. #LaunchLandRepeat @BlueOrigin https://t.co/e1ZfYAibK2
715985250644582400,2016-04-01T19:32:40.000Z,15506669,@JeffBezos,Jeff Bezos,Business Man,"Pushing the envelope. Restarting BE-3 fast @ high thrust, just 3600 ft from ground. Impact in 6 sec if engine doesn‚Äôt restart &amp; ramp fast."
715985637946564608,2016-04-01T19:34:13.000Z,15506669,@JeffBezos,Jeff Bezos,Business Man,"Also, a new more efficient RCS algorithm on the Crew Capsule. Big performance win if it works. #LaunchLandRepeat @BlueOrigin"
715986058257833988,2016-04-01T19:35:53.000Z,15506669,@JeffBezos,Jeff Bezos,Business Man,We‚Äôll have drone cameras in the air and hopefully will get good aerial footage to share. #LaunchLandRepeat @BlueOrigin
716029528619913216,2016-04-01T22:28:37.000Z,15506669,@JeffBezos,Jeff Bezos,Business Man,Two university microgravity experiments on tomorrow‚Äôs @blueorigin flight. Short vids: https://t.co/lHW6lsqCAY  https://t.co/VAYuFJRk7H
716271176905940992,2016-04-02T14:28:50.000Z,15506669,@JeffBezos,Jeff Bezos,Business Man,"Readying¬†Crew Capsule for flt. Clear skies in TX.
Tracking for morning launch. #LaunchLandRepeat @BlueOrigin https://t.co/X22DBlf9ZE"
716273109720911876,2016-04-02T14:36:31.000Z,15506669,@JeffBezos,Jeff Bezos,Business Man,Crew Capsule is locked &amp; ready for flt. Tortoises mark successful CC missions. #LaunchLandRepeat @BlueOrigin https://t.co/akPaP9EFIu
716283711998676992,2016-04-02T15:18:39.000Z,15506669,@JeffBezos,Jeff Bezos,Business Man,Liftoff and New Shepard is climbing to apogee. @BlueOrigin
716285758382809088,2016-04-02T15:26:47.000Z,15506669,@JeffBezos,Jeff Bezos,Business Man,"Flawless BE-3 restart and perfect booster landing. CC chutes
deployed. @BlueOrigin"
716286175233777664,2016-04-02T15:28:26.000Z,15506669,@JeffBezos,Jeff Bezos,Business Man,CC touchdown confirmed. #LaunchLandRepeat @BlueOrigin
716288257722482689,2016-04-02T15:36:43.000Z,15506669,@JeffBezos,Jeff Bezos,Business Man,My Gradatim Ferociter boots. Gift from a friend &amp; they brought luck today. #LaunchLandRepeat @BlueOrigin https://t.co/3szqLGMI7s
716290993159405568,2016-04-02T15:47:35.000Z,15506669,@JeffBezos,Jeff Bezos,Business Man,We‚Äôll share mission video including aerial as soon as we‚Äôre able to get it processed.#GradatimFerociter @BlueOrigin
716746420275978240,2016-04-03T21:57:17.000Z,15506669,@JeffBezos,Jeff Bezos,Business Man,Video from yesterday's flight now live: https://t.co/vBvPYpGFrQ Great view of dramatic booster deceleration.
717033781589204992,2016-04-04T16:59:10.000Z,15506669,@JeffBezos,Jeff Bezos,Business Man,"Heads up readers ‚Äì all-new, top of the line Kindle almost ready. 8th generation. Details next week."
718214798345777152,2016-04-07T23:12:06.000Z,15506669,@JeffBezos,Jeff Bezos,Business Man,Thank you and congrats to my friends and colleagues Jeff and Andy ‚Äì very well deserved! https://t.co/hGLGMDluKu
722194216420397056,2016-04-18T22:44:53.000Z,15506669,@JeffBezos,Jeff Bezos,Business Man,You counseled so many. Your wisdom and warmth will be remembered. Rest in peace Bill Campbell.
722248253996019712,2016-04-19T02:19:37.000Z,15506669,@JeffBezos,Jeff Bezos,Business Man,Champagne cracked in the newsroom today. Congratulations to all @washingtonpost on Pulitzers!
726171327103561728,2016-04-29T22:08:30.000Z,15506669,@JeffBezos,Jeff Bezos,Business Man,Ridiculously cute. #Alexa https://t.co/OG7g2cgIXS
728313490641985536,2016-05-05T20:00:42.000Z,15506669,@JeffBezos,Jeff Bezos,Business Man,Thank you @FLOTUS for all you do with @JoiningForces. We're excited to add 25K more @Amazon Warriors to our ranks. https://t.co/ZSZ2DInOhZ
729792802108919808,2016-05-09T21:58:57.000Z,15506669,@JeffBezos,Jeff Bezos,Business Man,Landing sequence caught by our GH2 vent cam. Watch for gear deployment in the shadow. #GradatimFerociter https://t.co/QHvSdjJ2Se
737849729438998528,2016-06-01T03:34:18.000Z,15506669,@JeffBezos,Jeff Bezos,Business Man,RT @garciajm3D: Interested in the #CareerChoice program @JeffBezos mentioned at @recode #CodeCon? DM me or find out more here: https://t.co‚Ä¶
742348210266509312,2016-06-13T13:29:40.000Z,15506669,@JeffBezos,Jeff Bezos,Business Man,Trying for 4th flight of same hardware this Friday. Live webcast at https://t.co/XlqW03DcEB #GradatimFerociter https://t.co/AKyv3newmN
742349816701673473,2016-06-13T13:36:03.000Z,15506669,@JeffBezos,Jeff Bezos,Business Man,Flight to test one-chute-out failure scenario &amp; push envelope on booster maneuvers #GradatimFerociter https://t.co/oWIGMqMCoa
743440703657648128,2016-06-16T13:50:50.000Z,15506669,@JeffBezos,Jeff Bezos,Business Man,Replacing leaking O-ring in capsule‚Äôs nitrogen gas pressurization system. Rescheduling flight to Sunday. #GradatimFerociter
743802731924594688,2016-06-17T13:49:25.000Z,15506669,@JeffBezos,Jeff Bezos,Business Man,New Shepard launch set for Sunday at 10:15 am ET. Live webcast starts at 9:45 am ET at https://t.co/WTXblOKlvk #GradatimFerociter
743803559150391298,2016-06-17T13:52:42.000Z,15506669,@JeffBezos,Jeff Bezos,Business Man,Watching a rocket launch (and rocket landing!) might add a little extra fun w/ kids on Father's Day. #GradatimFerociter
743804334396170240,2016-06-17T13:55:47.000Z,15506669,@JeffBezos,Jeff Bezos,Business Man,Look for one-chute-out test starting about 7 minutes into flight + continue pushing envelope on booster. #GradatimFerociter
743805050254819328,2016-06-17T13:58:37.000Z,15506669,@JeffBezos,Jeff Bezos,Business Man,And of course ‚Äì development test flight ‚Äì anything can happen. #GradatimFerociter
744324811191525377,2016-06-19T00:23:58.000Z,15506669,@JeffBezos,Jeff Bezos,Business Man,Thanks @VirginGalactic! So agree space needs all of us. #GradatimFerociter https://t.co/nlJsbWSv20
744521272873279488,2016-06-19T13:24:38.000Z,15506669,@JeffBezos,Jeff Bezos,Business Man,Loading propellants. Looking good for this morning‚Äôs launch. #GradatimFerociter
744554127728869376,2016-06-19T15:35:11.000Z,15506669,@JeffBezos,Jeff Bezos,Business Man,Careful engineering plus of course ‚Ä¶ the lucky boots. Successful mission. #RocketsReused #GradatimFerociter https://t.co/ON5lhfGPSK
755794420214050816,2016-07-20T16:00:06.000Z,15506669,@JeffBezos,Jeff Bezos,Business Man,.@trailingjohnson Amazing experience. Thank you! https://t.co/Aj3J88eqrw
755798093216387072,2016-07-20T16:14:42.000Z,15506669,@JeffBezos,Jeff Bezos,Business Man,"Bucket list. Cast, crew and Justin Lin @trailingjohnson were amazing. #StarTrekBeyond https://t.co/VJ95D8pQeK"
756144617049853952,2016-07-21T15:11:39.000Z,15506669,@JeffBezos,Jeff Bezos,Business Man,Cool new project from @smithsonian &amp; @autodesk lets you virtually explore Apollo 11 Command Module. https://t.co/9fjWKWsguH
756490285698260992,2016-07-22T14:05:13.000Z,15506669,@JeffBezos,Jeff Bezos,Business Man,Grazie @matteorenzi for wonderful conversation at Palazzo Vecchio. https://t.co/JGewdL8LAc
756492625549537282,2016-07-22T14:14:31.000Z,15506669,@JeffBezos,Jeff Bezos,Business Man,.@matteorenzi excited to announce Amazon artificial intelligence &amp; machine learning center in Turin https://t.co/jxa7VxWZHF
775324124935778304,2016-09-12T13:24:10.000Z,15506669,@JeffBezos,Jeff Bezos,Business Man,Blue Origin‚Äôs next step‚Ä¶meet New Glenn #NewGlenn #GradatimFerociter https://t.co/p4gICKZRfi
776560302062120963,2016-09-15T23:16:18.000Z,15506669,@JeffBezos,Jeff Bezos,Business Man,.Thanks @TheRealBuzz &amp; @HeinleinPrize ‚Äì what a fun night! https://t.co/l73vz2W2Oc
780348452064595968,2016-09-26T10:09:03.000Z,15506669,@JeffBezos,Jeff Bezos,Business Man,Exciting results from 3 weeks of wind tunnel testing of #NewGlenn at transonic &amp; supersonic speeds. Validated our CFD. https://t.co/VJaNG8tjZK
780348813450051585,2016-09-26T10:10:29.000Z,15506669,@JeffBezos,Jeff Bezos,Business Man,And here‚Äôs the #NewGlenn descent configuration. #GradatimFerociter https://t.co/nYSgZ4TzKA
781491928021991424,2016-09-29T13:52:49.000Z,15506669,@JeffBezos,Jeff Bezos,Business Man,"RT @blueorigin: Dramatic New Shepard #InFlightEscape test Tuesday, Oct 4. Live webcast starts at 10:50 am ET at https://t.co/WAB1OxL9Dd #Gr‚Ä¶"
781492263817998337,2016-09-29T13:54:09.000Z,15506669,@JeffBezos,Jeff Bezos,Business Man,And here are the details of the escape test https://t.co/LDnJMjhtQ3 #GradatimFerociter
783024195055685633,2016-10-03T19:21:30.000Z,15506669,@JeffBezos,Jeff Bezos,Business Man,RT @blueorigin: Weather no-go for tomorrow‚Äôs New Shepard #InFlightEscape test. Webcast now Wednesday 10:45 am ET. #GradatimFerociter
783651796627562496,2016-10-05T12:55:22.000Z,15506669,@JeffBezos,Jeff Bezos,Business Man,RT @blueorigin: Everything looking good this morning for #InFlightEscape. Live webcast at 10:45 am ET #GradatimFerociter
783733480324816896,2016-10-05T18:19:57.000Z,15506669,@JeffBezos,Jeff Bezos,Business Man,That is one hell of a booster. #InFlightEscape #GradatimFerociter https://t.co/7ZRRe2HnMO
783756911866843136,2016-10-05T19:53:03.000Z,15506669,@JeffBezos,Jeff Bezos,Business Man,RT @blueorigin: Moment of separation. #InFlightEscape #GradatimFerociter https://t.co/mZrtmTm1i4
783867231620870144,2016-10-06T03:11:26.000Z,15506669,@JeffBezos,Jeff Bezos,Business Man,"Reflecting on an incredible day. Toasting all 800 of the passionate, brilliant folks at Blue Origin. #InFlightEscape #GradatimFerociter https://t.co/KHJMYHvPud"
784078159733854208,2016-10-06T17:09:35.000Z,15506669,@JeffBezos,Jeff Bezos,Business Man,Here‚Äôs escape vid in slow mo. #InFlightEscape https://t.co/MrKRiHZu8Y
784078556984844288,2016-10-06T17:11:10.000Z,15506669,@JeffBezos,Jeff Bezos,Business Man,"Steering through violent MaxQ escape forces is a residual capability, not explicitly engineered. Just a very robust booster. #InFlightEscape"
785572979140808704,2016-10-10T20:09:28.000Z,15506669,@JeffBezos,Jeff Bezos,Business Man,Stenciling the 7th and final tortoise onto this hardy and stalwart New Shepard capsule. #GradatimFerociter https://t.co/ciB6rbNPqP
789613513102663680,2016-10-21T23:45:06.000Z,15506669,@JeffBezos,Jeff Bezos,Business Man,Visiting Raisbeck Aviation High School today was so inspiring for me. Awesome students. https://t.co/zUGMXoNqLT
792751030647689216,2016-10-30T15:32:28.000Z,15506669,@JeffBezos,Jeff Bezos,Business Man,https://t.co/U6VjlywrI3
796729498075099136,2016-11-10T15:01:29.000Z,15506669,@JeffBezos,Jeff Bezos,Business Man,Congratulations to @realDonaldTrump. I for one give him my most open mind and wish him great success in his service to the country.
799295335755436032,2016-11-17T16:57:12.000Z,15506669,@JeffBezos,Jeff Bezos,Business Man,"Long wait is over‚Ä¶ Clarkson, Hammond, May are back‚Ä¶ #TheGrandTour premieres tonight in UK, US, DE, JP. And globally in Dec. https://t.co/dfQjGGuDFW"
799333890045317121,2016-11-17T19:30:24.000Z,15506669,@JeffBezos,Jeff Bezos,Business Man,Love this TV commercial for Amazon Prime. Very proud of our ad team. https://t.co/E8ceXs4nte
804428649302634496,2016-12-01T20:55:10.000Z,15506669,@JeffBezos,Jeff Bezos,Business Man,"So proud of my brother https://t.co/qIRKtbamXs, and here‚Äôs his TED talk https://t.co/tYCodFJXoe."
806740517711003648,2016-12-08T06:01:42.000Z,15506669,@JeffBezos,Jeff Bezos,Business Man,Late Late Show‚Äôs @JKCorden on Amazon Go ‚Äì very funny! https://t.co/OOw3eV2l1x
806976159166570496,2016-12-08T21:38:03.000Z,15506669,@JeffBezos,Jeff Bezos,Business Man,"Thank you, John Glenn. Godspeed."
807367277104377856,2016-12-09T23:32:13.000Z,15506669,@JeffBezos,Jeff Bezos,Business Man,The Spheres‚Äô first snow‚Ä¶ thanks @mAColors for the great pic https://t.co/WnOtTAixjU
809034847121350657,2016-12-14T13:58:33.000Z,15506669,@JeffBezos,Jeff Bezos,Business Man,First-ever #AmazonPrimeAir customer delivery is in the books. 13 min‚Äîclick to delivery. Check out the video: https://t.co/Xl8HiQMA1S https://t.co/5HGsmHvPlE
817088724840239105,2017-01-05T19:21:47.000Z,15506669,@JeffBezos,Jeff Bezos,Business Man,I agree we need a superhighway in space. https://t.co/iEVk7nP3aA
826235003260383232,2017-01-31T01:05:50.000Z,15506669,@JeffBezos,Jeff Bezos,Business Man,"RT @RoyPrice: Asghar Farhadi, @AmazonStudios understands and supports your decision not to attend the Oscars."
827213980384964608,2017-02-02T17:55:56.000Z,15506669,@JeffBezos,Jeff Bezos,Business Man,Buzz Aldrin dropped by Blue Origin HQ to say hi to the team yesterday. Thanks @TheRealBuzz! https://t.co/JiCdI77ij6
829054770308485120,2017-02-07T19:50:34.000Z,15506669,@JeffBezos,Jeff Bezos,Business Man,".@nypost, whoever your anonymous sources are on this story https://t.co/VFyzGQcOAZ ‚Äì they‚Äôve mixed up their meds!"
829098772416192512,2017-02-07T22:45:25.000Z,15506669,@JeffBezos,Jeff Bezos,Business Man,"And on the NYPost article, if anybody knows how to get 20% margins in groceries, call me! :)"
831586053915963393,2017-02-14T19:29:00.000Z,15506669,@JeffBezos,Jeff Bezos,Business Man,"Love this story https://t.co/PwXQSZ9Xaw of not 1, but 4 couples, who met @ Amazon FC in KY. Love is in the air‚Ä¶ Happy Valentine's day! https://t.co/rn3ctg98Qu"
833113864669519872,2017-02-19T00:39:58.000Z,15506669,@JeffBezos,Jeff Bezos,Business Man,Excited to share our urban campus with this terrific organization @FareStart https://t.co/SNJkMK6hz5
836049259430555648,2017-02-27T03:04:11.000Z,15506669,@JeffBezos,Jeff Bezos,Business Man,#TheSalesman takes home the Oscar for Best Foreign Language Film. Well done Asghar Farhadi and team @AmazonStudios #Oscars
836072024577560584,2017-02-27T04:34:38.000Z,15506669,@JeffBezos,Jeff Bezos,Business Man,Bravo to Kenny Lonergan on his well-deserved #Oscars win for Best Original Screenplay @AmazonStudios @MBTSMovie
836077114667446272,2017-02-27T04:54:52.000Z,15506669,@JeffBezos,Jeff Bezos,Business Man,Congrats to Casey Affleck on his Best Actor win. So earned. #ManchesterByTheSea #Oscars @AmazonStudios @MBTSMovie
836970483992117249,2017-03-01T16:04:48.000Z,15506669,@JeffBezos,Jeff Bezos,Business Man,RT @amazonnews: Very cool. 7-year-old boy starts own food pantry to help hungry kids https://t.co/vrjyByOAyX
838155386100183040,2017-03-04T22:33:10.000Z,15506669,@JeffBezos,Jeff Bezos,Business Man,"RT @amazonnews: Kudos Palm Coast STEM--new record for tallest self-supporting toy tower. 5k pieces, 14‚Äô1‚Äù tall using exclusive toy from Ama‚Ä¶"
838748139964272640,2017-03-06T13:48:34.000Z,15506669,@JeffBezos,Jeff Bezos,Business Man,1st BE-4 engine fully assembled. 2nd and 3rd following close behind. #GradatimFerociter https://t.co/duE4Tnzvkx
838748973598900225,2017-03-06T13:51:53.000Z,15506669,@JeffBezos,Jeff Bezos,Business Man,Here‚Äôs one more shot of BE-4 in its transport cradle. https://t.co/T2HdZ3UtQZ
839112645957541890,2017-03-07T13:56:59.000Z,15506669,@JeffBezos,Jeff Bezos,Business Man,Excited to announce we have signed our 1st #NewGlenn customer. Welcome to the launch manifest @Eutelsat_SA https://t.co/fTeKKneYnJ
839468386530824193,2017-03-08T13:30:34.000Z,15506669,@JeffBezos,Jeff Bezos,Business Man,Adding to the #NewGlenn launch manifest. Agreement with #OneWeb for five launches initially. Happy to work with you @Greg_Wyler https://t.co/4m5LiTzl9R
840223951842295809,2017-03-10T15:32:55.000Z,15506669,@JeffBezos,Jeff Bezos,Business Man,OK. Definitely want to buy a bottle of this‚Ä¶ https://t.co/saLQyiaV2c
841342440405577733,2017-03-13T17:37:23.000Z,15506669,@JeffBezos,Jeff Bezos,Business Man,"Thanks LA Times for choosing WaPo's Arc Publishing for your digital platform, and kudos to tech team at The Post! https://t.co/zhHgVZvXh1"
843692770405617664,2017-03-20T05:16:46.000Z,15506669,@JeffBezos,Jeff Bezos,Business Man,I just got to pilot an awesome (and huge) robot thanks to Hankook Mirae Technology. Nice! #MARS2017 https://t.co/MvN6ghEYFi
847217297257185281,2017-03-29T22:41:58.000Z,15506669,@JeffBezos,Jeff Bezos,Business Man,Impossible to express how personally meaningful this is. A dream. Huge kudos to @BlueOrigin team that worked so hard https://t.co/q2P0Lsi81U https://t.co/D56XNkIiBP
847523788921032704,2017-03-30T18:59:52.000Z,15506669,@JeffBezos,Jeff Bezos,Business Man,My parents rock. https://t.co/uPAJ1SaR4p
848316838446456833,2017-04-01T23:31:09.000Z,15506669,@JeffBezos,Jeff Bezos,Business Man,Thanks @TheRealBuzz! That cute little guy is the future! https://t.co/nx75sAUYW8
860284449195343873,2017-05-05T00:06:10.000Z,15506669,@JeffBezos,Jeff Bezos,Business Man,"First plant in the ground at #TheSpheres, 39,999 to go. Public tours start 2018. https://t.co/6Jgo4cLb7o"
863867801181855744,2017-05-14T21:25:08.000Z,15506669,@JeffBezos,Jeff Bezos,Business Man,"I won the lottery with my mom. Thanks for literally everything, Mom. https://t.co/gEuVgxotdw"
866004720984272896,2017-05-20T18:56:29.000Z,15506669,@JeffBezos,Jeff Bezos,Business Man,Super fun morning talking rockets with a very cool group of students. Great questions. Thx to all the students and to @museumofflight! https://t.co/adXbn3bdon
874337020117569536,2017-06-12T18:46:04.000Z,15506669,@JeffBezos,Jeff Bezos,Business Man,"Congrats to Jeff on his long-term leadership. John, you have size 20 shoes to fill! GE remains an American gem. https://t.co/oFF4yp9J4e"
875012301836832768,2017-06-14T15:29:24.000Z,15506669,@JeffBezos,Jeff Bezos,Business Man,Rooftop #solar panels at our 1 million-square-foot fulfillment center in Baltimore now live. 50+ solar FCs will come online by 2020. https://t.co/eUpoxZ0eTt
875418348598603776,2017-06-15T18:22:53.000Z,15506669,@JeffBezos,Jeff Bezos,Business Man,Request for ideas‚Ä¶ https://t.co/j6D68mhseL
876567491941498880,2017-06-18T22:29:10.000Z,15506669,@JeffBezos,Jeff Bezos,Business Man,"Flipping pancakes, Lego Saturn V, Wonder Woman matinee. Love being a dad. #FathersDay https://t.co/L9Q7zW1p0A"
876568434397429760,2017-06-18T22:32:55.000Z,15506669,@JeffBezos,Jeff Bezos,Business Man,"And here‚Äôs me and my dad. I‚Äôm a very lucky son. I love you, Dad. #FathersDay https://t.co/mEBsN88DLG"
876806972619673600,2017-06-19T14:20:47.000Z,15506669,@JeffBezos,Jeff Bezos,Business Man,Amazing to share this moment with the @BlueOrigin team and my family. https://t.co/1fgM9jExs9
879046517285310464,2017-06-25T18:39:56.000Z,15506669,@JeffBezos,Jeff Bezos,Business Man,"Terrific meeting with @narendramodi. Always impressed, energized by optimism and invention in India. Excited to keep investing and growing. https://t.co/xhQ58dik3y"
882786853404893184,2017-07-06T02:22:41.000Z,15506669,@JeffBezos,Jeff Bezos,Business Man,This is a gigantic compliment to our teams. Best of luck Haggler in your continuing adventures. #CustomerObsession https://t.co/LyGg3aD5QM
884475655148011520,2017-07-10T18:13:23.000Z,15506669,@JeffBezos,Jeff Bezos,Business Man,Going to Oshkosh? Come sit inside @BlueOrigin‚Äôs crew capsule and enjoy a simulated ride to space @EAA #OSH17 https://t.co/E6uejQLDgG https://t.co/EjUuY5bdw7
886779328096116736,2017-07-17T02:47:22.000Z,15506669,@JeffBezos,Jeff Bezos,Business Man,"Huge thanks from the whole @BlueOrigin team, Buzz https://t.co/LRKyd5ncil"
886779647660179457,2017-07-17T02:48:38.000Z,15506669,@JeffBezos,Jeff Bezos,Business Man,Mike Collins cracking us all up last night. https://t.co/bnpHp0ZCK4
892774250272112641,2017-08-02T15:49:02.000Z,15506669,@JeffBezos,Jeff Bezos,Business Man,Incredible turnout to see the first booster ever to fly into space and land vertically upon the Earth. #BlueOrigin #Oshkosh https://t.co/fh9KqVBCUo
893628626725294080,2017-08-05T00:24:02.000Z,15506669,@JeffBezos,Jeff Bezos,Business Man,Awesome! Good luck this weekend @JimmyShane1! https://t.co/EFor5kuYLn
895324443500609536,2017-08-09T16:42:36.000Z,15506669,@JeffBezos,Jeff Bezos,Business Man,Couldn‚Äôt happen to a nicer guy. Congratulations @jeffreytambor! https://t.co/543RCTusqX
895714205822730241,2017-08-10T18:31:22.000Z,15506669,@JeffBezos,Jeff Bezos,Business Man,A pleasure to host #SecDef James Mattis at Amazon HQ in Seattle today https://t.co/JnQZoSOnFN
901865101761884161,2017-08-27T17:52:50.000Z,15506669,@JeffBezos,Jeff Bezos,Business Man,https://t.co/LvRG16ZhbF
902898556456943616,2017-08-30T14:19:25.000Z,15506669,@JeffBezos,Jeff Bezos,Business Man,Alexa has made a new friend https://t.co/r7o46eVJq0
908124621391618050,2017-09-14T00:25:56.000Z,15506669,@JeffBezos,Jeff Bezos,Business Man,".@Amazon supporting ‚Äú30 Days, 30 Smiles‚Äù with @Accorg. Today, a surprise visit to @BlueOrigin. #BeatPediatricCancer https://t.co/RErtOuuJDm"
911304409803522048,2017-09-22T19:01:17.000Z,15506669,@JeffBezos,Jeff Bezos,Business Man,"Future engineer, 9-year-old Ryan, signs Amazon gold robot he helped build at another ""30 Days, 30 Smiles"" event #BeatPediatricCancer #GoGold https://t.co/EEpa50nNCI"
914951991431880704,2017-10-02T20:35:28.000Z,15506669,@JeffBezos,Jeff Bezos,Business Man,Thoughts with all those affected in Las Vegas. So much gratitude to all the police &amp; good Samaritans who put their lives on the line to help
915046109298520064,2017-10-03T02:49:27.000Z,15506669,@JeffBezos,Jeff Bezos,Business Man,Amazon plane packed with donation of critical supplies landed earlier today in San Juan. Thank you to all the Amazonians who made it happen. https://t.co/w3ksl0SP25
915975473573720065,2017-10-05T16:22:25.000Z,15506669,@JeffBezos,Jeff Bezos,Business Man,"Long my favorite novel. Teaches pain of regret so well you will think you lived it. Congrats, Mr. Ishiguro, so earned! #NobelPrize https://t.co/VBOyLYlIIi"
920999561564274688,2017-10-19T13:06:21.000Z,15506669,@JeffBezos,Jeff Bezos,Business Man,Fun day christening Amazon‚Äôs latest wind farm. #RenewableEnergy https://t.co/cTxeXdsFop
921114359119560704,2017-10-19T20:42:31.000Z,15506669,@JeffBezos,Jeff Bezos,Business Man,First hotfire of our BE-4 engine is a success. Huge kudos to the whole @BlueOrigin team for this important step! #GradatimFerociter https://t.co/0gk6k6WuPx
921439650287423489,2017-10-20T18:15:06.000Z,15506669,@JeffBezos,Jeff Bezos,Business Man,And the winner for best news website is ‚Ä¶ @WashingtonPost. And more. Big congrats to the whole team! #DMNA17 https://t.co/BtridtXjeM
926509741932720128,2017-11-03T18:01:50.000Z,15506669,@JeffBezos,Jeff Bezos,Business Man,Congrats to the @BestBuy team on their new Alexa skill. Customers can now find and shop Best Buy deals on Alexa. Nice! https://t.co/wWuvIkvgD1
928623239110082560,2017-11-09T14:00:07.000Z,15506669,@JeffBezos,Jeff Bezos,Business Man,"Thank you to the 17,500 veterans and military spouses now working at Amazon. We set a goal last year to hire 25,000 of these leaders by 2021, and are on track to hire even more. #VeteransDay https://t.co/1tIiSZrRtQ"
929139251152699392,2017-11-11T00:10:34.000Z,15506669,@JeffBezos,Jeff Bezos,Business Man,"Thank you and your boys for your service, Casey! https://t.co/1OhL3D4ijJ"
930134795304148992,2017-11-13T18:06:30.000Z,15506669,@JeffBezos,Jeff Bezos,Business Man,Amazon Prime heads to Middle Earth. https://t.co/QowUmf8t3S https://t.co/YVciEX3u2t
932270037657726976,2017-11-19T15:31:12.000Z,15506669,@JeffBezos,Jeff Bezos,Business Man,"Ten years ago today, we launched the first-ever Kindle. Happy 10th birthday @AmazonKindle and thank you to all the Kindle readers and authors! https://t.co/qelfniBSK1"
936360685788733440,2017-11-30T22:25:58.000Z,15506669,@JeffBezos,Jeff Bezos,Business Man,"Of all the news coming out of AWS #reInvent this week, I hope you didn‚Äôt miss this one. Set a Guinness World Record for largest chicken wing eating competition! Nice! https://t.co/uSfmLOKTU0"
940792988095139841,2017-12-13T03:58:22.000Z,15506669,@JeffBezos,Jeff Bezos,Business Man,#NewShepard had a successful first flight of Crew Capsule 2.0 today. Complete with windows and our instrumented test dummy. He had a great ride. @BlueOrigin https://t.co/PZHXWXjuw9
941465587049406464,2017-12-15T00:31:02.000Z,15506669,@JeffBezos,Jeff Bezos,Business Man,"Full video of Mannequin Skywalker‚Äôs ride to space. Unlike him, you‚Äôll be able to get out of your seat during the zero gee part of the flight. And ignore the pinging sound ‚Äì it‚Äôs just from one of the experiments on this flight. #NewShepard @blueorigin https://t.co/dJ5VEeaWb6 https://t.co/qGQC1vfW7D"
941467037905272833,2017-12-15T00:36:48.000Z,15506669,@JeffBezos,Jeff Bezos,Business Man,First use of our landing pad bot #Blue2D2. @blueorigin https://t.co/Ht2P7yVwEs
946109222135128064,2017-12-27T20:03:11.000Z,15506669,@JeffBezos,Jeff Bezos,Business Man,Turns out our Amazon fulfillment center associates in Madrid can dance‚Ä¶ And one got a big surprise at the end! Love it! https://t.co/7MufxruSXe
950156231414394881,2018-01-08T00:04:33.000Z,15506669,@JeffBezos,Jeff Bezos,Business Man,"Wishing best of luck tonight to THE MARVELOUS MRS MAISEL, Rachel Brosnahan, Kevin Bacon, and to the whole cast and crew of THE POST too! #GoldenGlobes https://t.co/UIJriZzmN6"
959796196247142400,2018-02-03T14:30:19.000Z,15506669,@JeffBezos,Jeff Bezos,Business Man,The stunning Perito Moreno Glacier in Patagonia. We‚Äôve sent robotic probes to every planet in this solar system. Earth is BY FAR the best one. We go to space to save the Earth. @BlueOrigin #NoPlanB #GradatimFerociter https://t.co/8esV18orcJ
960521086298238976,2018-02-05T14:30:47.000Z,15506669,@JeffBezos,Jeff Bezos,Business Man,"Best of luck @SpaceX with the Falcon Heavy launch tomorrow ‚Äì hoping for a beautiful, nominal flight! @BlueOrigin #GradatimFerociter"
961033484536971264,2018-02-07T00:26:52.000Z,15506669,@JeffBezos,Jeff Bezos,Business Man,@elonmusk @SpaceX @blueorigin Woohoo! üöÄüöÄüöÄ
965957024109379602,2018-02-20T14:31:15.000Z,15506669,@JeffBezos,Jeff Bezos,Business Man,"Installation has begun‚Äî500 ft tall, all mechanical, powered by day/night thermal cycles, synchronized at solar noon, a symbol for long-term thinking‚Äîthe #10000YearClock is coming together thx to the genius of Danny Hillis, Zander Rose &amp; the whole Clock team! Enjoy the video. https://t.co/FYIyaUIbdJ"
966312919079112705,2018-02-21T14:05:27.000Z,15506669,@JeffBezos,Jeff Bezos,Business Man,Happy to announce that Amazon Studios is adapting Iain M. Banks‚Äô amazing Culture series ‚Äî a huge personal favorite ‚Äî as a TV series. Can‚Äôt wait! https://t.co/wgEmv65Pm3 https://t.co/NhCGUyRt2L
972561435036344320,2018-03-10T19:54:50.000Z,15506669,@JeffBezos,Jeff Bezos,Business Man,Kirk or Picard? Picard! #FinalFrontier #GoBoldly https://t.co/mEohTVuKIs
973696994332983299,2018-03-13T23:07:08.000Z,15506669,@JeffBezos,Jeff Bezos,Business Man,"New test video of Blue‚Äôs 550K lbf thrust, ox-rich staged combustion, LNG-fueled BE-4 engine. The test is a mixture ratio sweep at 65% power level and 114 seconds in duration. Methane (or LNG) has proved to be an outstanding fuel choice. @BlueOrigin #GradatimFerociter https://t.co/zWV0jWXIvx"
974344409377460224,2018-03-15T17:59:44.000Z,15506669,@JeffBezos,Jeff Bezos,Business Man,Thank you to the @NatReconOfc for having me over to speak. You don‚Äôt want to even imagine the world without these professionals doing the job they do. https://t.co/f3cHWbKwjq
975847153468768256,2018-03-19T21:31:06.000Z,15506669,@JeffBezos,Jeff Bezos,Business Man,Taking my new dog for a walk at the #MARS2018 conference. #BostonDynamics https://t.co/vE6CXrvV3o
981311629022314496,2018-04-03T23:24:58.000Z,15506669,@JeffBezos,Jeff Bezos,Business Man,Horrible and truly tragic day for YouTube and Google. We are wishing all our very best for the injured and all those affected.
985300754134007809,2018-04-14T23:36:20.000Z,15506669,@JeffBezos,Jeff Bezos,Business Man,I made pancakes on this rainy Seattle morning for @ciara and @DangeRussWilson. These guys are as fun as they are talented. Inspiring too. And Russ and I ate our weight in pancakes! #funfriends https://t.co/MWST7oXbVs
985664806567927808,2018-04-15T23:42:57.000Z,15506669,@JeffBezos,Jeff Bezos,Business Man,Very comfortable on my kids‚Äô giant panda doing email and putting final touches on this year‚Äôs annual shareholder letter. About to take the kids to see Rampage... https://t.co/OrmMpV4VGj
985682558405885952,2018-04-16T00:53:29.000Z,15506669,@JeffBezos,Jeff Bezos,Business Man,I love Dwayne Johnson @TheRock. Still working on my smolder https://t.co/8GmuZIyFwK https://t.co/WyckQV6rrY
986016459351515136,2018-04-16T23:00:17.000Z,15506669,@JeffBezos,Jeff Bezos,Business Man,"Great reporting requires patience, grit and a willingness to follow a story wherever it leads, whether Alabama or Moscow. Proud of @washingtonpost #Pulitzer winners! And big congrats to the @nytimes, as well! #DemocracyDiesInDarkness https://t.co/MBMWhh1cQR"
986547483743436801,2018-04-18T10:10:23.000Z,15506669,@JeffBezos,Jeff Bezos,Business Man,"At @BestBuy catching up with CEO Hubert Joly and announcing our collaboration on the next generation of smart TVs. Couldn‚Äôt ask for a better partner, and the product is killer. Full Alexa integration: ‚ÄúAlexa, watch ABC‚Äù or ‚ÄúAlexa, watch Westworld.‚Äù #FireTVEdition https://t.co/Dsq8VBOSA7"
987494749559926784,2018-04-21T00:54:29.000Z,15506669,@JeffBezos,Jeff Bezos,Business Man,Honored to speak at @TheBushCenter Forum on Leadership tonight with Ken Hersh. The spirit of former First Lady Barbara Bush was very much felt at the event. https://t.co/E4TJR9KKs9
988154007813173248,2018-04-22T20:34:09.000Z,15506669,@JeffBezos,Jeff Bezos,Business Man,"Dog sledding above the Arctic Circle in Norway. Jim Lovell says it‚Äôs not that you go to heaven when you die, but ‚Äúyou go to heaven when you‚Äôre born.‚Äù Earth is the best planet in our solar system. We go to space to save the Earth. @BlueOrigin #NoPlanB #GradatimFerociter #EarthDay https://t.co/q0Y9A4KSLm"
989851170545029120,2018-04-27T12:58:04.000Z,15506669,@JeffBezos,Jeff Bezos,Business Man,"Launch preparations are underway for New Shepard‚Äôs 8th test flight, as we continue our progress toward human spaceflight. Currently targeting Sunday 4/29 with launch window opening up at 830am CDT. Livestream info to come. @BlueOrigin #GradatimFerociter https://t.co/zAYpAGWB8C"
990663519900184577,2018-04-29T18:46:03.000Z,15506669,@JeffBezos,Jeff Bezos,Business Man,"Apogee of 351,000 feet (66 miles, 107 kilometers), and that‚Äôs the altitude we‚Äôve been targeting for operations. One step closer. #GradatimFerociter @BlueOrigin"
990692677963284480,2018-04-29T20:41:55.000Z,15506669,@JeffBezos,Jeff Bezos,Business Man,The lucky boots worked again. Huge kudos and thanks to the entire @BlueOrigin team. #GradatimFerociter https://t.co/P9cUqRNbYv
990755397542723584,2018-04-30T00:51:08.000Z,15506669,@JeffBezos,Jeff Bezos,Business Man,Highlights from today‚Äôs mission. Don‚Äôt miss the Nerf ball doing a few backflips in zero gravity. #GradatimFerociter @BlueOrigin https://t.co/YxlJRt0MXc
991799694664679425,2018-05-02T22:00:48.000Z,15506669,@JeffBezos,Jeff Bezos,Business Man,üòÄ @ConanOBrien @BlueOrigin https://t.co/x3BiCpaLQA
992765968182001665,2018-05-05T14:00:26.000Z,15506669,@JeffBezos,Jeff Bezos,Business Man,"Love this quote. It‚Äôs been on my fridge for years, and I see it every time I open the door. #Emerson https://t.co/kN8HjM4bOI"
995680729106341888,2018-05-13T15:02:39.000Z,15506669,@JeffBezos,Jeff Bezos,Business Man,"You shaped us, you protected us, you let us fall, you picked us up, and you LOVED us, always and unconditionally. Thank you for everything. I love you, Mom. https://t.co/Z8YGMO55C9"
996609529323245568,2018-05-16T04:33:22.000Z,15506669,@JeffBezos,Jeff Bezos,Business Man,Tom Wolfe was an amazing journalist and author. Thank you for showing us all what it took to have ‚ÄúThe Right Stuff‚Äù. https://t.co/ObMeU4S92S
1001187602622439427,2018-05-28T19:45:00.000Z,15506669,@JeffBezos,Jeff Bezos,Business Man,I‚Äôm enjoying this day with my kids but also remembering. Remembering the many sons and daughters who have given up their lives for us and for our sons and daughters. #MemorialDay #HireVets #HireMilitarySpouses https://t.co/mdSr0Ylapx
1007077455146860544,2018-06-14T01:49:10.000Z,15506669,@JeffBezos,Jeff Bezos,Business Man,https://t.co/phDTXHElBp
1008348645605797890,2018-06-17T14:00:25.000Z,15506669,@JeffBezos,Jeff Bezos,Business Man,"My dad came here from Cuba all by himself without speaking English when he was 16 years old, and has been kicking ass ever since. Thank you for all the love and heart, Dad! https://t.co/nuavG0yEtM"
1013467826999267328,2018-07-01T17:02:13.000Z,15506669,@JeffBezos,Jeff Bezos,Business Man,Wishing @SpecialOlympics tennis competitor (and Amazonian!) Leonard Flowers luck in the @2018USAGames this week! Great event and we‚Äôre proud to be a presenting sponsor. #ChooseToInclude https://t.co/kx6igcmb6e
1019641106533937152,2018-07-18T17:52:38.000Z,15506669,@JeffBezos,Jeff Bezos,Business Man,Crew Capsule looks great even after it was pushed hard by the escape test. Astronauts would have had an exhilarating ride and safe landing. Great engineering and the lucky boots worked again @BlueOrigin #GradatimFerociter https://t.co/ireJ3rWEvs
1019737114093629441,2018-07-19T00:14:08.000Z,15506669,@JeffBezos,Jeff Bezos,Business Man,"Appreciate the support, Mr. Vice President. I‚Äôm thrilled to report from West Texas that the team nailed it today #launchlandrepeat https://t.co/yiIB7zTtde"
1019742477018730496,2018-07-19T00:35:27.000Z,15506669,@JeffBezos,Jeff Bezos,Business Man,Super proud of the entire Blue Team who came together and made it happen #nevergetsold #gradatimferociter https://t.co/f6e2pdnwGn
1040253796293795842,2018-09-13T15:00:06.000Z,15506669,@JeffBezos,Jeff Bezos,Business Man,https://t.co/2GlgjztK1u
1042108453295013888,2018-09-18T17:49:51.000Z,15506669,@JeffBezos,Jeff Bezos,Business Man,"Incredible work from the whole @MaiselTV team for 8 #Emmys wins, including Outstanding Comedy Series. Woohoo! https://t.co/mfAwDkVX6s"
1045423889856192512,2018-09-27T21:24:13.000Z,15506669,@JeffBezos,Jeff Bezos,Business Man,Big win for @BlueOrigin today! And a big thank you to @ulalaunch for choosing our BE-4 engine. Excited to be a part of Vulcan‚Äôs mission to space. #21stCenturyEngine #AllAmericanEngine #GradatimFerociter https://t.co/K0Szt3jesi
1047152109508997121,2018-10-02T15:51:32.000Z,15506669,@JeffBezos,Jeff Bezos,Business Man,"Thank you @SenSanders. We‚Äôre excited about this, and also hope others will join in. https://t.co/kasWkkOhWo"
1050136574090825728,2018-10-10T21:30:44.000Z,15506669,@JeffBezos,Jeff Bezos,Business Man,"Thank you to the @usairforce for your confidence in the @BlueOrigin team and our #NewGlenn rocket. We are proud to serve the national security space community and are committed to providing safe, reliable access to space for the nation. #GradatimFerociter https://t.co/AeO3xXhnUi"
1051983010722013184,2018-10-15T23:47:49.000Z,15506669,@JeffBezos,Jeff Bezos,Business Man,Very sad to hear of Paul Allen‚Äôs passing. His passion for invention and pushing forward inspired so many. He was relentless to the end. My heart goes out to Paul‚Äôs family and friends.
1054739581533188096,2018-10-23T14:21:27.000Z,15506669,@JeffBezos,Jeff Bezos,Business Man,Amazon just won The American Foundation for the Blind‚Äôs Helen Keller award! Huge kudos to the whole team on working so hard to make our products accessible to the vision impaired! @afb1921 https://t.co/qh6HkQkekB
1058012110947373057,2018-11-01T15:05:18.000Z,15506669,@JeffBezos,Jeff Bezos,Business Man,"Yep, that‚Äôs me. I was lucky to be exposed to tech and coding at a young age. Inspired a lifelong love of invention. I hope the new Amazon Future Engineer program does the same for some kids today. https://t.co/xNUdyVMOnb https://t.co/RPZEiIHSap"
1062120332251684864,2018-11-12T23:09:55.000Z,15506669,@JeffBezos,Jeff Bezos,Business Man,"Had the privilege today of unveiling our newest Amazon Air 767 - ""Valor"" - named in honor of the thousands of Amazonian veterans and military spouses delivering for our customers every day. #VeteransDay #AmazonWarriors https://t.co/bKHDQgb1TN"
1064882081249951744,2018-11-20T14:04:07.000Z,15506669,@JeffBezos,Jeff Bezos,Business Man,Excited to announce the first annual grants from the Bezos Day 1 Families Fund. $97.5 million to 24 organizations doing needle-moving work on family homelessness. Congrats to the recipients ‚Äì we know you‚Äôll spend the money wisely and with heart. https://t.co/aF4Src09zC https://t.co/MMCil3l2cw
1080261240423964672,2019-01-02T00:35:24.000Z,15506669,@JeffBezos,Jeff Bezos,Business Man,"I have outstanding news to ring in 2019. Former Alexa VP &amp; long-time Amazonian Mike George has agreed to lead the Day 1 Academies Fund. Mike is a true builder who knows how to start from scratch, and he‚Äôll bring tremendous energy, grit, and passion to the job. Thank you, Mike! https://t.co/K01N1NZ8ag"
1083004911380393985,2019-01-09T14:17:46.000Z,15506669,@JeffBezos,Jeff Bezos,Business Man,https://t.co/Gb10BDb0x0
1092255287472320512,2019-02-04T02:55:28.000Z,15506669,@JeffBezos,Jeff Bezos,Business Man,"Grateful for the journalists at the @washingtonpost and around the world who do the work, no matter the risk or dangers they face.
#democracydiesindarkness #SuperBowlAd https://t.co/faO74lvSs5 https://t.co/37PLrNLJe0"
1093643321732464646,2019-02-07T22:51:01.000Z,15506669,@JeffBezos,Jeff Bezos,Business Man,"I‚Äôve written a post about developments with the National Enquirer and its parent company, AMI. You can find it here: https://t.co/G1ykJAPPwy"
1107991131147534336,2019-03-19T13:04:05.000Z,15506669,@JeffBezos,Jeff Bezos,Business Man,"Thank you @FestoAG, but bigger please‚Ä¶. I want to get on! #ThinkBig #MARS2019 https://t.co/uXqvkf623B"
1113851382698635264,2019-04-04T17:10:38.000Z,15506669,@JeffBezos,Jeff Bezos,Business Man,RT @mackenziebezos: https://t.co/OJWn3OOLS6
1113851402965487616,2019-04-04T17:10:43.000Z,15506669,@JeffBezos,Jeff Bezos,Business Man,https://t.co/oFGWPkK3dB
1116317620670582789,2019-04-11T12:30:35.000Z,15506669,@JeffBezos,Jeff Bezos,Business Man,"Been an honor &amp; pleasure having Tom Alberg on Amazon‚Äôs Board. Tom joined in 1996 and has been with us ever since - over 22 years. I‚Äôll miss his sound judgment, deep well of business &amp; life experience, and his quick wit. He's a smart business person and even better human. Thx Tom!"
1124115283554078720,2019-05-03T00:55:43.000Z,15506669,@JeffBezos,Jeff Bezos,Business Man,Congrats to the whole @blueorigin team! https://t.co/71S53Ucl5l
1126620848931131394,2019-05-09T22:51:56.000Z,15506669,@JeffBezos,Jeff Bezos,Business Man,"RT @blueorigin: Today, our founder shared our vision to go to space to benefit Earth. We must return to the Moon‚Äîthis time to stay. We‚Äôre r‚Ä¶"
1126634588560748545,2019-05-09T23:46:32.000Z,15506669,@JeffBezos,Jeff Bezos,Business Man,"Blue Origin is building the infrastructure needed to unleash the next generation of dreamers. I met these young people today, and the future is in great hands. #BlueMoon @clubforfuture https://t.co/F2zPM5PngM"
1127573586716385280,2019-05-12T13:57:47.000Z,15506669,@JeffBezos,Jeff Bezos,Business Man,"I‚Äôm lucky enough to call her my mom. She‚Äôs kind, patient, supportive, and has always encouraged me to stay curious. Happy Mother‚Äôs Day, Mom! https://t.co/n1UZV3muZe"
1128409227481964544,2019-05-14T21:18:19.000Z,15506669,@JeffBezos,Jeff Bezos,Business Man,"We‚Äôre investing $1.5 billion in our new air hub to get you your packages faster. Three million square feet, and it‚Äôs going to create 2,000 jobs. And if you‚Äôre guessing that driving a front loader was fun, you‚Äôre right! #amazon #prime https://t.co/Cud4orKrC4"
1128828279329181696,2019-05-16T01:03:29.000Z,15506669,@JeffBezos,Jeff Bezos,Business Man,"At the Statue of Liberty, where my dad‚Äôs being honored with a Liberty Star as part of the new museum‚Äôs opening. When he came here from Cuba at 16, not only was he all alone, but he only spoke Spanish. His grit, determination, and optimism are inspiring. #StatueofLibertyMuseum https://t.co/DFhR3Dbf7p"
1129010348286046208,2019-05-16T13:06:57.000Z,15506669,@JeffBezos,Jeff Bezos,Business Man,My dad‚Äôs journey to the U.S. shows how people come together to help each other. We got a chance to celebrate him last night for the opening of the Statue of Liberty‚Äôs new museum. This is his story. https://t.co/VdOtlPY953 https://t.co/E4C1KPho2u
1131446048386240513,2019-05-23T06:25:33.000Z,15506669,@JeffBezos,Jeff Bezos,Business Man,Great annual shareholder meeting today. #Amazon https://t.co/g9keKvGyq0
1133007488721117184,2019-05-27T13:50:10.000Z,15506669,@JeffBezos,Jeff Bezos,Business Man,Grateful on this #MemorialDay to the fallen servicemen and women ‚Äî and their families ‚Äî for the ultimate sacrifice they made in defending and supporting our nation. The flag in the picture is on display on the factory wall at @BlueOrigin to remind us every day. https://t.co/6Qir3sk3mt
1133366998874804224,2019-05-28T13:38:44.000Z,15506669,@JeffBezos,Jeff Bezos,Business Man,"MacKenzie is going to be amazing and thoughtful and effective at philanthropy, and I‚Äôm proud of her. Her letter is so beautiful. Go get ‚Äòem MacKenzie. https://t.co/S2gLLBQyRQ"
1136474105220407298,2019-06-06T03:25:16.000Z,15506669,@JeffBezos,Jeff Bezos,Business Man,".@AmazonreMARS is all about bringing the best and brightest together, so it‚Äôs fitting that I got to meet Leo ‚Äî one of the first 100 recipients of the #AmazonFutureEngineer scholarship. I have no doubt Leo is going to be an inventor of tomorrow. https://t.co/vhQzZzA4kl"
1136489170841546752,2019-06-06T04:25:07.000Z,15506669,@JeffBezos,Jeff Bezos,Business Man,Leo‚Äôs story is amazing and so is his mom. #AmazonFutureEngineer https://t.co/QQPKg3GZ2T
1136707086933299200,2019-06-06T18:51:03.000Z,15506669,@JeffBezos,Jeff Bezos,Business Man,Got a chance to scout some of the cool tech at the first #reMARS event. @HaptX @Rivian @hseas @wyssinstitute https://t.co/bvG5afbn50
1138206602043936769,2019-06-10T22:09:35.000Z,15506669,@JeffBezos,Jeff Bezos,Business Man,My mom‚Äôs incredible story. Wow. So grateful. So proud. #Grit https://t.co/msi2nHqikf
1140285639071416320,2019-06-16T15:50:56.000Z,15506669,@JeffBezos,Jeff Bezos,Business Man,"Happy Father‚Äôs Day. You‚Äôre there for me always, and I feel it. I love you, Dad. https://t.co/o85JWRSTBn"
1141520394022576128,2019-06-20T01:37:25.000Z,15506669,@JeffBezos,Jeff Bezos,Business Man,First hotfire of our #BE7 lunar landing engine just yesterday at Marshall Space Flight Center. Data looks great and hardware is in perfect condition. Test went full planned duration ‚Äì 35 seconds. Kudos to the whole @BlueOrigin team and grateful to @NASA_Marshall for all the help! https://t.co/cTjjrngumY
1141770282773831681,2019-06-20T18:10:23.000Z,15506669,@JeffBezos,Jeff Bezos,Business Man,"So much fun with Caroline Kennedy yesterday at the #JFKSpaceSummit. Her father‚Äôs Rice speech still inspires. We choose to do these things ‚Äúnot because they are easy, but because they are hard.‚Äù #Apollo50 https://t.co/ZmyBDxzK4V"
1145345436846157824,2019-06-30T14:56:46.000Z,15506669,@JeffBezos,Jeff Bezos,Business Man,#Pride https://t.co/mYq5XuA9Ks
1157489682118086656,2019-08-03T03:13:39.000Z,15506669,@JeffBezos,Jeff Bezos,Business Man,RT @blueorigin: BE-4 continues to rack up time on the test stand. Here‚Äôs a great shot of our full power engine test today #GradatimFerocite‚Ä¶
1166798278375030784,2019-08-28T19:42:42.000Z,15506669,@JeffBezos,Jeff Bezos,Business Man,"Had a great meeting with Mike George. We‚Äôre hard at work building Day 1 Academies, and Mike has been busy learning from the best in the field. Here are a few pictures from his listening tour ‚Äì visiting the smart and kind early educators from schools across the country. https://t.co/ty1ngS2JCA"
1167125742401941504,2019-08-29T17:23:55.000Z,15506669,@JeffBezos,Jeff Bezos,Business Man,.@BlueOrigin founded nonprofit @clubforfuture to inspire youth to pursue careers in #STEM + visualize life in space. We asked students to send postcards w/their dreams and we‚Äôd send the cards above the K√°rm√°n line to space and back. We‚Äôve received thousands - they‚Äôre so inspiring https://t.co/5fxHoD8DJm
1170036283315388416,2019-09-06T18:09:22.000Z,15506669,@JeffBezos,Jeff Bezos,Business Man,"Rooting for team India. Good luck, India! #Chandrayaan2 https://t.co/iWWSqPs4nz"
1170697204845039616,2019-09-08T13:55:38.000Z,15506669,@JeffBezos,Jeff Bezos,Business Man,Season 2 streams November 1. Can‚Äôt wait. #JackRyan https://t.co/THDtDjGIpQ
1171060934753734656,2019-09-09T14:00:58.000Z,15506669,@JeffBezos,Jeff Bezos,Business Man,We're sending two Amazon Air planes packed with tens of thousands of Amazon-donated and customer-donated relief items to support those impacted by #HurricaneDorian in the Bahamas. Thanks to all the teams who are making this possible. https://t.co/iY86RGh9AX https://t.co/Y3DHueJaXf
1171872387492528128,2019-09-11T19:45:24.000Z,15506669,@JeffBezos,Jeff Bezos,Business Man,"Today, we announced that we added 24 schools in #Nashville to our #AmazonFutureEngineer program. Loved celebrating the great news by building robots with students from Madison Middle School. https://t.co/PAjMfl4pEw"
1172517558336905218,2019-09-13T14:29:04.000Z,15506669,@JeffBezos,Jeff Bezos,Business Man,"Visited the amazing @Nia_House Montessori in Nashville with @mike_m_george. Learned a lot that‚Äôs going to help Day 1 Academies. By the way, ‚ÄúNia‚Äù means ‚Äúpurpose‚Äù in Swahili. Very cool. https://t.co/OhSQeD5jls"
1173728216550260736,2019-09-16T22:39:48.000Z,15506669,@JeffBezos,Jeff Bezos,Business Man,Shout out to the new Amazonians who let me drop by their New Hire Orientation today. Incredible to welcome so many smart and passionate people from all over the world. I‚Äôm looking forward to our #AmazonCareerDay events tomorrow! https://t.co/JM6CF1uoRW
1173973723189108736,2019-09-17T14:55:21.000Z,15506669,@JeffBezos,Jeff Bezos,Business Man,"Yesterday the first Amazon Air plane loaded with relief items arrived in Nassau, Bahamas to help victims of #HurricaneDorian. The cargo weight was 72,728 lbs, with approx. 19,300 items on board. Huge thanks to the teams across Amazon who made this happen. https://t.co/iY86RGh9AX https://t.co/YFvC8Xl6mW"
1174704799645720586,2019-09-19T15:20:23.000Z,15506669,@JeffBezos,Jeff Bezos,Business Man,"Super excited about The Climate Pledge. Impossible to do this without @CFigueres. So grateful to you, Christiana. #ClimatePledge #Paris10YearsEarly https://t.co/E9hkaLat5V"
1175208903321124864,2019-09-21T00:43:31.000Z,15506669,@JeffBezos,Jeff Bezos,Business Man,"RT @JayCarney: If you can‚Äôt compete with lower prices and better services, then secretly fund phony ‚Äúgrassroots‚Äù attack campaigns. #Ugly. h‚Ä¶"
1175854166066913280,2019-09-22T19:27:34.000Z,15506669,@JeffBezos,Jeff Bezos,Business Man,"Good luck to @RachelBros, Phoebe Waller-Bridge, the @MaiselTV and @Fleabag teams, and all @PrimeVideo shows up for #Emmys tonight! https://t.co/mTTj82hfeK"
1176310291300093952,2019-09-24T01:40:02.000Z,15506669,@JeffBezos,Jeff Bezos,Business Man,"A record year of #Emmy wins for @PrimeVideo - fantastic work. Huge congrats to the winners and teams behind @Fleabag, @MaiselTV, and A Very English Scandal! https://t.co/KS2NLZpY88"
1176489837517344769,2019-09-24T13:33:30.000Z,15506669,@JeffBezos,Jeff Bezos,Business Man,"Thank you to our customers who donated relief items for a second Amazon Air plane of humanitarian aid. Together, more than 400,000 Amazon-donated &amp; customer-donated items have been provided to those affected by #HurricaneDorian in the Bahamas &amp; the US. https://t.co/NAcnQs4mx9 https://t.co/01jh0Y5bZr"
1186367004371906560,2019-10-21T19:41:50.000Z,15506669,@JeffBezos,Jeff Bezos,Business Man,"Dropped in on an #AmazonFutureEngineer class at Dunbar H.S. in D.C. today. We‚Äôre committed to bringing more resources to kids from underserved communities, and I‚Äôm proud to say we‚Äôre now funding computer science in more than 2,000 high schools across the U.S. #NextGeneration https://t.co/HrFdIfrSDf"
1186752897083760641,2019-10-22T21:15:14.000Z,15506669,@JeffBezos,Jeff Bezos,Business Man,"It‚Äôs time to go back to the Moon, this time to stay. @LockheedMartin @northropgrumman @DraperLab @blueorigin #gradatimferociter https://t.co/SMEUdriJhh"
1193891803721687040,2019-11-11T14:02:42.000Z,15506669,@JeffBezos,Jeff Bezos,Business Man,"Congrats to David &amp; all the veterans graduating from the Amazon Apprenticeship program who are now in technical careers! They join the more than 21,000 veterans and military spouses working at Amazon. Huge thank you to them and all who‚Äôve served. #VeteransDay #AmazonWarriors https://t.co/Fx6q9KJEkw"
1197519998161281024,2019-11-21T14:19:51.000Z,15506669,@JeffBezos,Jeff Bezos,Business Man,"Excited to announce this year's Bezos Day One grants. Thank you to these 32 organizations in 23 states working to end homelessness. I recently spent time with the amazing team at Community of Hope in Washington, D.C. ‚Äì one of last year‚Äôs grantees. https://t.co/Lfy5LUWT99 https://t.co/L0JeDUrjAY"
1197997251139784704,2019-11-22T21:56:17.000Z,15506669,@JeffBezos,Jeff Bezos,Business Man,"Nice! Amazon ranked #1 best managed company. Definitely the result of strong teamwork from people who care deeply and passionately about customers, their fellow employees, and the environment. Huge thank you and kudos to all Amazonians. https://t.co/ykH65fQ0pG"
1204964350936731649,2019-12-12T03:21:03.000Z,15506669,@JeffBezos,Jeff Bezos,Business Man,Picture perfect flight @BlueOrigin. And this vehicle has now flown to space &amp; back six times making this a new milestone. We carried 23 payloads today including thousands of postcards from kids all over the world for @ClubforFuture. Keep them coming kids &amp; we‚Äôll keep flying them! https://t.co/ZrjaknJh1t
1207074776289697794,2019-12-17T23:07:07.000Z,15506669,@JeffBezos,Jeff Bezos,Business Man,Toured @LeeMontessori in Washington D.C. with a team from Day 1 Academies. It was great to meet these kids ‚Äî they‚Äôre energetic and energizing. Lee is doing an amazing job unleashing their love of learning. https://t.co/1eLIFcPeGD
1217100229993881600,2020-01-14T15:04:42.000Z,15506669,@JeffBezos,Jeff Bezos,Business Man,"Just landed in India and spent a beautiful afternoon paying my respects to someone who truly changed the world. ‚ÄúLive as if you were to die tomorrow. Learn as if you were to live forever."" - Mahatma Gandhi. https://t.co/xDXAT9cBgf"
1217449121981718531,2020-01-15T14:11:04.000Z,15506669,@JeffBezos,Jeff Bezos,Business Man,Dynamism. Energy. Democracy. #IndianCentury https://t.co/U6cKJO60Rz
1217751342162173952,2020-01-16T10:11:59.000Z,15506669,@JeffBezos,Jeff Bezos,Business Man,Grabbing a quick selfie with @AmitAgarwal at India‚Äôs small business summit. Everyone squeeze in a little tighter! #amazonsmbhav https://t.co/IvsciKDyiu
1218137485672251394,2020-01-17T11:46:23.000Z,15506669,@JeffBezos,Jeff Bezos,Business Man,Lots of fun on stage with @iamsrk and Zoya Akhtar. https://t.co/wdZ2tEsySX
1218440995731316736,2020-01-18T07:52:25.000Z,15506669,@JeffBezos,Jeff Bezos,Business Man,"Amazon partners with thousands of kirana stores all over India as delivery points. It‚Äôs good for customers, and it helps the shop owners earn additional income. Got to visit one in Mumbai. Thank you, Amol, for letting me deliver a package. #MSME https://t.co/VpoHUoJOIH"
1218864092825432064,2020-01-19T11:53:39.000Z,15506669,@JeffBezos,Jeff Bezos,Business Man,Proud of the program we have in India to hire and train deaf associates at our delivery stations. Managers learn basic sign language to be able to communicate. Meeting this group was a moving experience for me. https://t.co/gGm0dvCjkX
1219093283265138688,2020-01-20T03:04:23.000Z,15506669,@JeffBezos,Jeff Bezos,Business Man,"Hey, India. We‚Äôre rolling out our new fleet of electric delivery rickshaws. Fully electric. Zero carbon. #ClimatePledge https://t.co/qFXdZOsY4y"
1220059386694922240,2020-01-22T19:03:20.000Z,15506669,@JeffBezos,Jeff Bezos,Business Man,#Jamal https://t.co/8ej1rUBXVb
1222572705066536961,2020-01-29T17:30:21.000Z,15506669,@JeffBezos,Jeff Bezos,Business Man,"Hey, Alexa ‚Äî show everyone our upcoming Super Bowl ad. Thanks @TheEllenShow and @PortiaDeRossi! https://t.co/U8Qua3dhwg"
1224154674804084736,2020-02-03T02:16:32.000Z,15506669,@JeffBezos,Jeff Bezos,Business Man,"I just took a DNA test, turns out I‚Äôm 100% @lizzo‚Äôs biggest fan. #SBLIV https://t.co/RhOduXk8Qd"
1233441223232245760,2020-02-28T17:17:58.000Z,15506669,@JeffBezos,Jeff Bezos,Business Man,"Discussing climate, sustainability, and preserving the natural world with President @EmmanuelMacron today in Paris. #BezosEarthFund #ClimatePledge https://t.co/1WJe18nc3l"
1438535180407377923,2021-09-16T16:08:08.000Z,15506669,@JeffBezos,Jeff Bezos,Business Man,Congratulations to @ElonMusk and the @SpaceX team on their successful Inspiration4 launch last night. Another step towards a future where space is accessible to all of us.
1440085114835202056,2021-09-20T22:47:01.000Z,15506669,@JeffBezos,Jeff Bezos,Business Man,"Good exchange of ideas on climate change with a lot of passion around preserving and restoring the natural world. There might also have been a side conversation about who‚Äôs better ‚Äî Asimov or Clarke. The meeting was useful and enjoyable. Thank you, @BorisJohnson. https://t.co/Vkx7MEPbvi"
1440731418984738817,2021-09-22T17:35:12.000Z,15506669,@JeffBezos,Jeff Bezos,Business Man,"RT @CNBCtech: Amazon has rewarded eight workers who got vaccinated with free cars or $100,000 payouts https://t.co/92mDPZ4wUn"
1443924211282571264,2021-10-01T13:02:13.000Z,15506669,@JeffBezos,Jeff Bezos,Business Man,"After many failures and setbacks in gaming we have a success. So proud of the team for the persistence. View setbacks as helpful obstacles that drive learning. Whatever your goals are, don‚Äôt give up no matter how hard it gets. @playnewworld (1/2) https://t.co/LK0VUdCSS9"
1443924212792455174,2021-10-01T13:02:13.000Z,15506669,@JeffBezos,Jeff Bezos,Business Man,(2/2) The two articles are only 8 months apart. https://t.co/EbTVhnrJpA
1444431829214248960,2021-10-02T22:39:18.000Z,15506669,@JeffBezos,Jeff Bezos,Business Man,".@ReedHastings and Ted Sarandos and the team at @Netflix get it right so often. Their internationalization strategy isn‚Äôt easy, and they‚Äôre making it work. Impressive and inspiring. (And I can‚Äôt wait to watch the show.) https://t.co/yFw7TGyc1U"
1444716860621000706,2021-10-03T17:31:55.000Z,15506669,@JeffBezos,Jeff Bezos,Business Man,"No, just simple admiration. https://t.co/uLeWcB8xrn"
1445765771611627529,2021-10-06T14:59:55.000Z,15506669,@JeffBezos,Jeff Bezos,Business Man,"New @007 film is amazing and fun. Loved it, and I miss Daniel Craig already. Can‚Äôt wait to see who Barbara Broccoli and Michael Wilson pick next. https://t.co/SAe51Hcrxz"
1445926804758269959,2021-10-07T01:39:48.000Z,15506669,@JeffBezos,Jeff Bezos,Business Man,"A lot to still prove out here for sure, but the Rivian team is world class, and @RJScaringe is one of the greatest entrepreneurs I‚Äôve ever met. 

Now, RJ, where are our vans?!

https://t.co/5rdnuEw2mm"
1446142301483401218,2021-10-07T15:56:07.000Z,15506669,@JeffBezos,Jeff Bezos,Business Man,"Anderson laughs through the whole interview. 

Bill Shatner = Legend https://t.co/AdNE0UreRN"
1447403828505088011,2021-10-11T03:28:58.000Z,15506669,@JeffBezos,Jeff Bezos,Business Man,"Listen and be open, but don‚Äôt let anybody tell you who you are. This was just one of the many stories telling us all the ways we were going to fail. Today, Amazon is one of the world‚Äôs most successful companies and has revolutionized two entirely different industries. https://t.co/MgMsQHwqZl"
1447563576986804229,2021-10-11T14:03:45.000Z,15506669,@JeffBezos,Jeff Bezos,Business Man,I‚Äôm game. https://t.co/JVbuGzztje
1447936262019723266,2021-10-12T14:44:40.000Z,15506669,@JeffBezos,Jeff Bezos,Business Man,"RT @blueorigin: ‚ÄúWe are just at the beginning, but how miraculous the beginning is.‚Äù @WilliamShatner is ready to go to space. #NS18 https:/‚Ä¶"
1448270647788986370,2021-10-13T12:53:24.000Z,15506669,@JeffBezos,Jeff Bezos,Business Man,"Bill, Audrey, Chris, Glen ‚Äî you‚Äôre about to share an experience that will forever change how you view the world. Godspeed. This is how it starts. üöÄ https://t.co/sOaS7YVBuY"
1451571655411523598,2021-10-22T15:30:26.000Z,15506669,@JeffBezos,Jeff Bezos,Business Man,"‚ÄúClosing my eyes now, I still feel that irresistible tug ‚Ä¶ pulling my heart from my chest and out over the edge of the world.‚Äù - @cboshuizen
https://t.co/iEi4p0djzR"
1454925498757357571,2021-10-31T21:37:24.000Z,15506669,@JeffBezos,Jeff Bezos,Business Man,"The Prince of Wales has been involved in fighting climate change and protecting our beautiful world far longer than most. We had a chance to discuss these important issues on the eve of #COP26 ‚Äî looking for solutions to heal our world, and how the @BezosEarthFund can help. https://t.co/7zBNnfCav7"
1455195971370029056,2021-11-01T15:32:10.000Z,15506669,@JeffBezos,Jeff Bezos,Business Man,"Wonderful meeting with Tuntiak Katan from the Shuar tribe in Ecuador and Solange Bandiaky-Badji, from the Rights and Resources Institute. Indigenous peoples are custodians of over a third of the world‚Äôs tropical forests. We must champion their efforts to protect our planet. https://t.co/BPLDpR3xiR"
1455493781222932480,2021-11-02T11:15:33.000Z,15506669,@JeffBezos,Jeff Bezos,Business Man,"At #COP26, Lauren and I discussed conservation of land and sea with leaders from Colombia, Ecuador, Panama, Costa Rica, and Bolivia. Together, they oversee one of the most diverse regions on earth. The @BezosEarthFund is working with them to help create the largest (1/2) https://t.co/6MQ2RsAQxC"
1455493786214092802,2021-11-02T11:15:35.000Z,15506669,@JeffBezos,Jeff Bezos,Business Man,"(2/2) transnational marine protected area on the planet, covering an area larger than California. Thank you to this group for their boldness on this important work."
1455515161196904448,2021-11-02T12:40:31.000Z,15506669,@JeffBezos,Jeff Bezos,Business Man,"RT @BezosEarthFund: Listening, learning, and collaborating on bold ideas with leaders from around the world on Day One of #COP26. We‚Äôre bac‚Ä¶"
1455606875643330565,2021-11-02T18:44:57.000Z,15506669,@JeffBezos,Jeff Bezos,Business Man,Very proud to be one of the founding funders of Prince William‚Äôs Earthshot Prize. It‚Äôs easy to see how passionate and thoughtful he is about this important work. https://t.co/S0AB9qqVa3
1456244759048036365,2021-11-04T12:59:40.000Z,15506669,@JeffBezos,Jeff Bezos,Business Man,RT @BezosEarthFund: .@BezosEarthFund announces $3B for nature at the #COP26 Leader‚Äôs Summit in Glasgow. These funds will be targeted at a t‚Ä¶
1456311095761637384,2021-11-04T17:23:16.000Z,15506669,@JeffBezos,Jeff Bezos,Business Man,"Not the decision we wanted, but we respect the court‚Äôs judgment, and wish full success for NASA and SpaceX on the contract. https://t.co/BeXc4A8YaW"
1456648447486873600,2021-11-05T15:43:47.000Z,15506669,@JeffBezos,Jeff Bezos,Business Man,"Congrats on this important work, @ChefJoseAndres. As you say: build longer tables, not higher walls. https://t.co/ybpC2BN87f https://t.co/QzUXrQeytA"
1457047939835052033,2021-11-06T18:11:14.000Z,15506669,@JeffBezos,Jeff Bezos,Business Man,RT @BezosEarthFund: CEO &amp; President @DrAndrewSteer speaking last night on the importance of this week‚Äôs $3B commitment to nature. https://t‚Ä¶
1457720343297019909,2021-11-08T14:43:07.000Z,15506669,@JeffBezos,Jeff Bezos,Business Man,"Leo, come over here, I want to show you something‚Ä¶ @LeoDiCaprio https://t.co/KqGLB839NI https://t.co/Gt2v9JZTNz"
1459298553860296709,2021-11-12T23:14:22.000Z,15506669,@JeffBezos,Jeff Bezos,Business Man,"Such a tragic loss. Warm and full of life, Glen made us laugh and lit up the room. He was a visionary, and an innovator ‚Äì a true leader. Lauren and I are heartbroken and will remember the precious time we got to spend together. (1/2) https://t.co/AYKCGIUQfD"
1459298556515270657,2021-11-12T23:14:22.000Z,15506669,@JeffBezos,Jeff Bezos,Business Man,"(2/2) Our deepest sympathies are with his partner, Leah, and all his loved ones. The world lost you too soon, Glen."
1460968707971112963,2021-11-17T13:50:58.000Z,15506669,@JeffBezos,Jeff Bezos,Business Man,"For the fourth year in a row, the Bezos Day 1 Families Fund is making donations to organizations helping families in need across the U.S. These grants will provide support including housing, food, clothing, and other resources to help families get back on their feet. (1/2) https://t.co/JeI1CgX8Ft"
1460968710965841921,2021-11-17T13:50:58.000Z,15506669,@JeffBezos,Jeff Bezos,Business Man,"(2/2) This year‚Äôs grants go to 32 groups led by experts who are making a difference in their communities, and the funds will help them further expand their important work. https://t.co/sLgl3mWBB3"
1463575768697491458,2021-11-24T18:30:29.000Z,15506669,@JeffBezos,Jeff Bezos,Business Man,"Welcome aboard, Michael! https://t.co/UfLHValZoT"
1467899711336050688,2021-12-06T16:52:18.000Z,15506669,@JeffBezos,Jeff Bezos,Business Man,"RT @BezosEarthFund: We are pleased to announce $443M in grants to advance environmental justice, conserve and restore nature, and improve m‚Ä¶"
1467937061319495681,2021-12-06T19:20:43.000Z,15506669,@JeffBezos,Jeff Bezos,Business Man,"Today the Washington Post and the world lost an exceptional journalist and remarkable man: long-time Editorial Page Editor Fred Hiatt. I will miss his thoughtfulness, professionalism, and warm friendship. Our thoughts are with his beloved family at this difficult time. https://t.co/NoATYyyy7A"
1469107355530919938,2021-12-10T00:51:02.000Z,15506669,@JeffBezos,Jeff Bezos,Business Man,"Congrats again, DJ. No one more deserving than you for the People‚Äôs Champ Award. https://t.co/RCeRAHkkHX"
1469320158996951043,2021-12-10T14:56:39.000Z,15506669,@JeffBezos,Jeff Bezos,Business Man,Loved being with @MichaelStrahan on Thursday Night Football. Gave him a little something to pack for his flight. https://t.co/fdr3Hz9ojh
1469849245624647681,2021-12-12T01:59:03.000Z,15506669,@JeffBezos,Jeff Bezos,Business Man,"The news from Edwardsville is tragic. We‚Äôre heartbroken over the loss of our teammates there, and our thoughts and prayers are with their families and loved ones. (1/2)"
1469849247042334721,2021-12-12T01:59:03.000Z,15506669,@JeffBezos,Jeff Bezos,Business Man,(2/2) All of Edwardsville should know that the Amazon team is committed to supporting them and will be by their side through this crisis. We extend our fullest gratitude to all the incredible first responders who have worked so tirelessly at the site.
1478785147042353155,2022-01-05T17:47:08.000Z,15506669,@JeffBezos,Jeff Bezos,Business Man,Thanks @jonerlichman. 25 years ago today. Note the Netscape browser. https://t.co/CqFEt8DpIk
1483816527044304896,2022-01-19T15:00:02.000Z,15506669,@JeffBezos,Jeff Bezos,Business Man,Coming this September 2nd. Can‚Äôt wait for you to see it. @LOTRonPrime  (1/2) https://t.co/jd0wrPIJAp
1483816597831630852,2022-01-19T15:00:19.000Z,15506669,@JeffBezos,Jeff Bezos,Business Man,(2/2) https://t.co/z7wwj3tf50
1487164715486760961,2022-01-28T20:44:33.000Z,15506669,@JeffBezos,Jeff Bezos,Business Man,It was a year ago that the White House launched #Justice40. Proud of the Earth Fund team for helping drive it forward. https://t.co/PFHh4rvkRP
1490711280503562243,2022-02-07T15:37:20.000Z,15506669,@JeffBezos,Jeff Bezos,Business Man,"Alexa, play our new Super Bowl ad. https://t.co/Q4WRjoiFqK"
1491779315142311938,2022-02-10T14:21:19.000Z,15506669,@JeffBezos,Jeff Bezos,Business Man,RT @VanityFair: Exclusive üö®: V.F. has your first official look at @PrimeVideo‚Äôs The Lord of the Rings: #TheRingsOfPower. Welcome back to Mi‚Ä¶
1493037596796022787,2022-02-14T01:41:17.000Z,15506669,@JeffBezos,Jeff Bezos,Business Man,LOTR Super Bowl teaser... https://t.co/YgZ2o4rwCB
1502098389483155456,2022-03-11T01:45:38.000Z,15506669,@JeffBezos,Jeff Bezos,Business Man,"RT @BezosEarthFund: We were fortunate to witness the beauty of Colombia's Chiribiquete National Park in the Amazon. @JeffBezos, Lauren S√°nc‚Ä¶"
1506726841771433986,2022-03-23T20:17:27.000Z,15506669,@JeffBezos,Jeff Bezos,Business Man,"RT @geekwire: Amazon opens supply hub for Ukrainian refugees, its largest humanitarian aid facility ever https://t.co/Dfdm4j61sy"
1506759275124715521,2022-03-23T22:26:20.000Z,15506669,@JeffBezos,Jeff Bezos,Business Man,Two legends of the booth coming to @NFLonPrime. https://t.co/MiKPjdO4ul
1509239000631963652,2022-03-30T18:39:52.000Z,15506669,@JeffBezos,Jeff Bezos,Business Man,https://t.co/C5LsobYQf6
1509350424129974277,2022-03-31T02:02:38.000Z,15506669,@JeffBezos,Jeff Bezos,Business Man,"So great meeting you and learning about your work, Thomas. Incredible and inspiring. https://t.co/pI75KMcZOk"
1509688279016247322,2022-04-01T00:25:09.000Z,15506669,@JeffBezos,Jeff Bezos,Business Man,"We‚Äôve just opened a second humanitarian aid hub to help Ukrainian refugees ‚Äî this one in Poland. Like the first one we opened in Slovakia, it‚Äôs a fulfillment center dedicated to this issue, using our logistics and distribution experience to help. https://t.co/WPizdHc74t"
1511768194138054660,2022-04-06T18:09:59.000Z,15506669,@JeffBezos,Jeff Bezos,Business Man,"We must be better every day, and we know there is even more to do, but super proud of Amazon being ranked the #1 place where people want to work by LinkedIn. Their methodology uses LinkedIn‚Äôs unique data set from its 810 million members (1/2) https://t.co/Exw8nARKcG"
1511768195480260610,2022-04-06T18:09:59.000Z,15506669,@JeffBezos,Jeff Bezos,Business Man,"(2/2) and evaluates many factors including the ability to advance, skills growth, company stability, external opportunity, company affinity, and gender diversity.

Thank you to each and every one of Amazon‚Äôs employees for all your hard work and dedication. It is Day 1."
1513183573532033030,2022-04-10T15:54:12.000Z,15506669,@JeffBezos,Jeff Bezos,Business Man,RT @pmarca: The bill for magical thinking arrives with unpredictable timing but thunderous force.
1513251374774972417,2022-04-10T20:23:37.000Z,15506669,@JeffBezos,Jeff Bezos,Business Man,Or do portion. Worked out great and makes it easy for employees who want to volunteer. https://t.co/r0dZWsMxWT https://t.co/NbUNl1bkJ3
1514689258535145474,2022-04-14T19:37:15.000Z,15506669,@JeffBezos,Jeff Bezos,Business Man,@dwarkesh_sp @joodaloop You‚Äôre thoughtful and thought-provoking. Gratitude. Please keep it up!
1515046073349427214,2022-04-15T19:15:06.000Z,15506669,@JeffBezos,Jeff Bezos,Business Man,@IrishEcom @JakubSzunyogh Yeah you have good hair. üòä Nice meeting you and all the best.
